Timestamp,Name | åå‰,Twitter Account | ãƒ„ã‚¤ãƒƒã‚¿ãƒ¼ãƒãƒ³ãƒ‰ãƒ«,Place of Origin | å‡ºèº«,Your Message in 200 characters | ãƒ¡ãƒƒã‚»ãƒ¼ã‚¸ (200 å­—ä»¥å†…ã€€ä»»æ„è¨€èªå¯),Your Message (Translation) in English or Japanese in 200 characters | ãƒ¡ãƒƒã‚»ãƒ¼ã‚¸è‹±èªç¿»è¨³ï¼ˆå‰å•é¡Œã¯æ—¥æœ¬èªãªã‚‰ã“ã¡ã‚‰ã«è¨˜å…¥ä¸è¦ã§ã™ï¼‰,JP,,
8/26/2020 0:48:56,Kyoru,atsukiiyo,Australia,"Congratulations on your 3rd Anniversary! Thank you for leading Hololive into what it is today, I love your streams and covers! (à¹‘â•¹á†ºâ•¹)â™ª",,ä¸‰å‘¨å¹´ãŠã‚ã§ã¨ã†ã”ã–ã„ã¾ã™ï¼ã„ã¤ã‚‚ãƒ›ãƒ­ãƒ©ã‚¤ãƒ–ã®ã¿ã‚“ãªã‚’è¦‹å®ˆã‚Šã€ã‚ã‚ŠãŒã¨ã†ã”ã–ã„ã¾ã™ï¼ãã‚‰ã®ç”Ÿé…ä¿¡ã¨æ­Œã‚«ãƒãƒ¼ã‚‚å¤§å¥½ãã§ã™ï¼,,
8/26/2020 21:31:56,Kaâ€™lon,@Bippu_k,United-States,"Sora, your voice fills me with joy and your content always takes me away from the horrible reality during this pandemic. I just wanted to thank you for being the beaming light for me to look up to!",,ãã‚‰ã•ã‚“ã®å£°ã¯ã„ã¤ã‚‚ç§ã«å¹¸ã›ã‚’ä¸ãˆã‚‹ã€‚ãã‚‰ã•ã‚“ã®æ´»å‹•ã¯ç§ã«ã¤ã‚‰ã„æ™‚ã®ã“ã¨ã‚’å¿˜ã‚Œã•ã›ã¦ãã‚Œã‚‹ã€‚ç§ã®äººç”Ÿã®å…‰ã«ãªã£ã¦ãã‚Œã¦æœ¬å½“ã«ã‚ã‚ŠãŒã¨ã†ã”ã–ã„ã¾ã™ï¼,,
8/26/2020 21:38:28,Yuusachii,SachiiHappy,Philippines,"Happy 3rd Anniversary Elder Sister Sora. Thank you for all the good music,content and memories you provided us for the past years. I hope you will continue to make more fun videos for us. Good bless.",,3 å‘¨å¹´ãŠã‚ã§ã¨ã†ã”ã–ã„ã¾ã™ã€ãã‚‰ãŠå§‰ã¡ã‚ƒã‚“ï¼ä»Šã¾ã§ã¿ã‚“ãªã«ãŸãã•ã‚“ã®éŸ³æ¥½ã‚„ã€ã‚³ãƒ³ãƒ†ãƒ³ãƒ„ã‚„ã€æ€ã„å‡ºã‚’ãã‚Œã¦ã€ã‚ã‚ŠãŒã¨ã†ã”ã–ã„ã¾ã™ï¼ã“ã‚Œã‹ã‚‰ã‚‚ãã‚‰ãŠå§‰ã¡ã‚ƒã‚“ã®é…ä¿¡ã‚’æ¥½ã—ã¿ã«ã—ã¦ã„ã¾ã™ã€‚,,
8/26/2020 22:05:23,HardMaiden,Hard_Maiden,Philippines,Happy 3rd Anniversary Sora-senpai! I really loved your cover of Pretender and Instant Heaven. I wish for you to reach your dreams and your voice to reach more people!!!,,3 å‘¨å¹´ãŠã‚ã§ã¨ã†ã”ã–ã„ã¾ã™ã€ãã‚‰å…ˆè¼©ã€‚ãã‚‰ã®Pretenderã¨ã‚¤ãƒ³ã‚¹ã‚¿ãƒ³ãƒˆãƒ˜ãƒ´ãƒ³ã®æ­Œã£ã¦ã¿ãŸæœ¬å½“ã«å¥½ãã§ã™ï¼ãã‚‰å…ˆè¼©ã®å£°ãŒã‚ˆã‚Šå¤šãã®äººã«å±Šãã‚ˆã†ã«ã€å¤¢ãŒå¶ã†ã‚ˆã†ã«ã€ãŠç¥ˆã‚Šã„ãŸã—ã¾ã™ï¼,,
8/26/2020 22:06:51,Andy,wass_ssan,Canada,ä¸‰å‘¨å¹´ãŠã‚ã§ã¨ã†ï¼ï¼,,,,
8/26/2020 22:26:52,Vichy N.,Vichy_n,Thailand,Thank you for all the hard for you gave for three years. My life won't be the same if I hadn't met your channel. I'm looking forward to the happy future together!!!,,ã“ã®ä¸‰å¹´é–“ã„ã¤ã‚‚é ‘å¼µã£ã¦ãã¦ã€ç§ã®äººç”Ÿã‚’å¤‰ãˆã¦ã€ã‚ã‚ŠãŒã¨ã†ã”ã–ã„ã¾ã™ã€‚ã“ã‚Œã‹ã‚‰ã®æœªæ¥ã‚’æ¥½ã—ã¿ã«ã—ã¦ã„ã¾ã™ï¼,,
8/26/2020 22:42:05,NrtReaper,ReaperNrt,Vietnam,Happy 3rd year anniversary Sora-senpai,,ãã‚‰å…ˆè¼©ã€ä¸‰å‘¨å¹´ãŠã‚ã§ã¨ã†ã”ã–ã„ã¾ã™,,
8/26/2020 22:57:35,Vaporeon Chã€‚,VaporeonCh,United-States,Three years and going strong! Thank you for providing smiles and good vibes for three years and many more! Have a good day!,,ä¸‰å‘¨å¹´ãŠã‚ã§ã¨ã†ã”ã–ã„ã¾ã™ï¼ã„ã¤ã‚‚ç¬‘é¡”ã¨å…ƒæ°—ã‚’ã¿ã›ã¦ãã‚Œã¦ã€ã‚ã‚ŠãŒã¨ã†ã”ã–ã„ã¾ã™ï¼,,
8/26/2020 23:17:09,John,ssilver02,Indonesia,"Happy 3rd anniversary for sora !
Thank you for being strong for the past three years, without you there'll be no hololive today. 
Please continue to bless us with your smile and your voice !",,ãã‚‰ã•ã‚“ã€ä¸‰å‘¨å¹´ãŠã‚ã§ã¨ã†ï¼ã“ã®ä¸‰å¹´é–“é ‘å¼µã£ã¦ãã‚ŒãŸã“ã¨ã‚ã‚ŠãŒã¨ã†ï¼ãã‚‰ã•ã‚“ãŒã„ãªã„ã¨ã€ãƒ›ãƒ­ãƒ©ã‚¤ãƒ–ã¯ã“ã®ã‚ˆã†ã«ãªã‚‰ãªã‹ã£ãŸã¨æ€ã†ã€‚ãã‚‰ã•ã‚“ã®ç¬‘é¡”ã¨æ­Œå£°ã§ã¿ã‚“ãªã‚’å¹¸ã›ã«ã—ã‚ˆã†ï¼,,
8/26/2020 23:46:18,Rin,CrystalliumRain,Philippines,Maligayang ikatlong anibersaryo Sora! Malayo na ang iyong narating at maraming nakamit na mga bagay. Aking ipagdarasal na makatanggap ka pa ng madaming biyaya at matupad mo ang iyong mga pangarap.,Happy 3rd year anniversary Sora! You have achieved many things and have come a long way now. I pray that you may receive more blessing and be able to achieve your dreams.,ãã‚‰ã•ã‚“ã€ä¸‰å‘¨å¹´ãŠã‚ã§ã¨ã†ï¼ã“ã‚“ãªé•·ã„æ—…ã§è‰²ã€…ãªã“ã¨ã‚’ãªã—ã¦ããŸã­ã€‚ãã‚‰ã•ã‚“ã®å¹¸ã›ã€ãã—ã¦å¤¢ã‚’å¶ã†ã“ã¨ã‚’ç¥ˆã£ã¦ã‚‹ã€‚,,
8/27/2020 0:35:54,melchizedekpsj,melchizedekpsj,Malaysia,"Hi, Sora-chan! It's a great pleasure to listen to you sing and recently join your livestreams whenever they are on! It's so calming and a sanctuary to heal my spirit! Congrats on your 3rd anniversary!",,ãã‚‰ã¡ã‚ƒã‚“ã€ã“ã‚“ãã‚ãƒ¼ï¼ãã‚‰ã¡ã‚ƒã‚“ã®ç”Ÿæ”¾é€ã‚’è¦‹ã¦ã€æ­Œã‚’èãã®ã¯å¤§å–œã³ã§ã™ï¼ã™ã”ãç©ã‚„ã‹ãªå¿ƒã‚’ç™’ã™ã¨ã“ã‚ã§ã™ï¼ä¸‰å‘¨å¹´ãŠã‚ã§ã¨ã†ã”ã–ã„ã¾ã™ï¼,,
8/27/2020 0:45:27,Azashin Helios,AzashinArta,Indonesia,This is the third commemorative moment when the heavens have descended to earth in the form of Toki no Sora.  May the blessings of the heavens can be felt again for the fourth time,This is the third commemorative moment when the heavens have descended to earth in the form of Toki no Sora.  May the blessings of the heavens can be felt again for the fourth time,ã“ã‚Œã¯å¤©ã‹ã‚‰åœ°çƒã¾ã§ã¨ãã®ãã‚‰ã¨è¨€ã†ç¬¬ä¸‰å›ã®è¨˜å¿µæ—¥ã ã€‚ã¾ãŸå¤©ã‹ã‚‰ç¬¬å››å›ãŒæ¥ã¾ã™ã‚ˆã†ã«ã€‚,,
8/27/2020 3:14:37,Yan,@Ichi_yanx,Indonesia,Hello Sora!! Happy 3RD Anniversary!! I glad to know you and hololive its really change my life!! Your song is really make my day happier!! Im glad to know you but i late to know anyways congrats sora!,,ãã‚‰ã¡ã‚ƒã‚“ï¼3 å‘¨å¹´ãŠã‚ã§ã¨ã†ã”ã–ã„ã¾ã™ï¼ãã‚‰ã¨ãƒ›ãƒ­ãƒ©ã‚¤ãƒ–ã«ä¼šãˆã¦ã€ ç§ã®äººç”Ÿã‚’å¤‰ãˆã¦ãã‚Œã¾ã—ãŸã€‚ãã‚‰ã®æ­Œã¯æœ¬å½“ã«ç§ã®æ—¥ã€…ã‚’å¹¸ã›ã«ã—ã¦ãã‚Œã¾ã™ï¼é…ããªã‚‹ã‹ã‚‚ã—ã‚Œã¾ã›ã‚“ãŒã€ãŠã‚ã§ã¨ã†ã”ã–ã„ã¾ã™ï¼,,
8/27/2020 4:21:39,é»’é‡,Kagayaki_Kurono,Japan,3å‘¨å¹´ãŠã‚ã§ã¨ã†ã”ã–ã„ã¾ã™!!! Congratulations Sora-Senpai~~,,,,
8/27/2020 4:23:39,Seihai,seihaiseifuku,Germany,ãã‚‰ã¡ã‚ƒã‚“ä¸‰å‘¨å¹´ãŠã‚ã§ã¨ã†ã”ã–ã„ã¾ã™ï¼å››å¹´ç›®ã«å‘ã‘ã¦ç„¡ç†ã›ãšã«é ‘å¼µã£ã¦ãã ã•ã„ãªï¼ã“ã‚Œã‹ã‚‰ã‚‚ã„ã¤ã‚‚é€šã‚Šå¿œæ´ã•ã›ã¦ã„ãŸã ãã¾ã™ã€‚,,,,
8/27/2020 5:56:53,Sen,@sen080601,Netherlands,Congratulations on your 3rd anniversary!!! Keep it up Sora-chan!,,ä¸‰å‘¨å¹´ãŠã‚ã§ã¨ã†ã”ã–ã„ã¾ã™ï¼ã“ã‚Œã‹ã‚‰ã‚‚é ‘å¼µã£ã¦ãã ã•ã„ï¼,,
8/27/2020 10:54:47,DelightedOne,DelightedOne,Poland,Congratulations on your 3rd Anniversary! Thank you for always working hard and for your amazing songs! Here's to more successful years and seeing you shine!,,ãã‚‰ã•ã‚“ã€ä¸‰å‘¨å¹´ãŠã‚ã§ã¨ã†ã”ã–ã„ã¾ã™ï¼ã¿ã‚“ãªã«ã™ã¦ããªæ›²ã‚’æ­Œã£ã¦ãã‚Œã¦ã€ã‚ã‚ŠãŒã¨ã†ã”ã–ã„ã¾ã™ã€ãã—ã¦ã„ã¤ã‚‚é ‘å¼µã£ã¦ãã‚Œã¦ã‚ã‚ŠãŒã¨ã”ã–ã„ã¾ã™ï¼ä¸€å¹´ã‚‚äºŒå¹´ã‚‚ä½•å¹´ã¾ã§ã‚‚ãã‚‰ã•ã‚“ã®è¼ã„ã¦ã‚‹å§¿ã‚’ãšã£ã¨è¦‹å®ˆã‚Šç¶šãã¾ã™ï¼ ,,
8/27/2020 11:50:03,rayban47,rayban47,United-States,"Congratulations on 3 Years Sora!!! Your singing is amazing!! I'm always happy when I'm able to attend one of your streams, and play your music!",,ãã‚‰ã¡ã‚ƒã‚“ 3 å¹´ç›®ãŠã‚ã§ã¨ã†ï¼ãã‚‰ã®æ­Œå£°ã¯ã¨ã¦ã‚‚ç´ æ™´ã‚‰ã—ã„ã§ã™ï¼ã„ã¤ã‚‚ãã‚‰ã®é…ä¿¡ã‚’è¦‹ãˆã‚‹ã€ãã‚‰ã®èã‘ã‚‹ã®ã¯ã¨ã¦ã‚‚å¹¸ã›ãªã“ã¨ã§ã™,,
8/28/2020 10:10:48,PhazonFire,,United-States,"We love you, Sora! Here's to the future and all that you still have in store for us!",,ãã‚‰ã•ã‚“ã€æ„›ã—ã¦ã‚‹ï¼ã“ã‚Œã‹ã‚‰ã‚‚ã‚ˆã‚ã—ããŠã­ãŒã„ã—ã¾ã™ï¼,,
8/29/2020 0:53:56,Xer,ArclanP,Australia,â€‹(à¹‘â•¹á†ºâ•¹)ã¬ã‚“ã¬ã‚“,,,,
8/29/2020 0:56:38,Japuzu,japuzu,Philippines,Happy 3rd Anniversary Sora-chan! Itâ€™s incredible and truly admirable on how youâ€™ve come this far. We Soratomos will continue to support you up to many years to come! (à¹‘â•¹á†ºâ•¹)ï¾‰,,ãã‚‰ã¡ã‚ƒã‚“ã€ä¸‰å‘¨å¹´ãŠã‚ã§ã¨ã†ã”ã–ã„ã¾ã™ï¼ä»Šã¾ã§ãã‚‰ã¡ã‚ƒã‚“ã®é ‘å¼µã£ã¦ã‚‹ã¨ã“ã‚ã‚’å°Šæ•¬ã—ã¦ã„ã¾ã™ã€‚ãã‚‰ã¨ã‚‚ã¯ã„ã¤ã‚‚ãã‚‰ã¡ã‚ƒã‚“ã‚’å¿œæ´ã—ã¾ã™ï¼(à¹‘â•¹á†ºâ•¹)ï¾‰,,
8/29/2020 4:30:51,Angelo Hu,AngeloHu1998,Italy,"Thank you very much Sora. Thank you for being the Idol that Carries the torch of all your kouhai. Thank you for being who you are, and for the songs you gave us. 
HAPPY 3RD ANNIVERSARY SORA!",,ãã‚‰ã•ã‚“ã€ã‚ã‚ŠãŒã¨ã†ã€‚ãƒ›ãƒ­ãƒ©ã‚¤ãƒ–ã®å¾Œè¼©é”ã‚’ãƒªãƒ¼ãƒ‰ã—ã¦ã€ã‚ã‚ŠãŒã¨ã†ã€‚ãã‚‰ã•ã‚“ã¯ãã‚‰ã•ã‚“ã®ã¾ã¾ã§éŸ³æ¥½ã‚’æ­Œã£ã¦ãã‚Œã¦ã€ã‚ã‚ŠãŒã¨ã†ã€‚ãã‚‰ã•ã‚“ã€ä¸‰å‘¨å¹´ãŠã‚ã§ã¨ã†ï¼,,
8/29/2020 15:12:01,NI,,,Thank you for making every day brighter.,,ã„ã¤ã‚‚ã¿ã‚“ãªã«å…ƒæ°—ã‚’ãã‚Œã¦ã€ã‚ã‚ŠãŒã¨ã†ã”ã–ã„ã¾ã™ã€‚,,
8/30/2020 0:17:24,Blizzarderper,Blizzarderper ,United-States,"Hi, Sora
I just wanna say Happy 3rd Anniversary and I hope you have a great year! To be honest, I just love you as a person and I wish and hope you have 500k subscribers by the end of year!",,"ã“ã‚“ã«ã¡ã¯ã€ãã‚‰ã€‚
ä¸‰å‘¨å¹´ãŠã‚ã§ã¨ã†ã”ã–ã„ã¾ã™ã€‚ä»Šå¹´ã‚‚è‰¯ã„ãŠå¹´ã‚’ï¼ãã‚‰å¤§å¥½ãï¼å¹´æœ«ã¾ã§ï¼•ï¼ä¸‡äººã®ãƒãƒ£ãƒãƒ«ç™»éŒ²è€…ã«ãªã‚Šã¾ã™ã‚ˆã†ã«ã€‚",,
8/30/2020 0:19:46,Aubrey/ã‚³ãƒ­ãƒã‚¦ã‚¹,Aubrey1408,Indonesia,"Congratulations for your 3rd anniversary!
Hope you will have a better future
Thank you, and I'll keep watching you for your 4th anniversary!",,ä¸‰å‘¨å¹´ãŠã‚ã§ã¨ã†ã”ã–ã„ã¾ã™ï¼ã“ã‚Œã‹ã‚‰ã®ãã‚‰ã®æœªæ¥ã‚’æ¥½ã—ã¿ã«ã—ã¦ã„ã¾ã™ã€‚ã‚ã‚ŠãŒã¨ã†ã”ã–ã„ã¾ã™ã€‚ã“ã‚Œã‹ã‚‰ã‚‚ã€å››å‘¨å¹´ã‚‚å¿œæ´ã—ã¾ã™ï¼,,
8/30/2020 4:37:19,Krim,KurimuV,Australia,ãã‚‰ã¡ã‚ƒã‚“ã€3å‘¨å¹´ãŠã‚ã§ã¨ã†ã”ã–ã„ã¾ã™ï¼ã‚ãªãŸã®æ­Œå£°ãŒå¤§å¥½ãã§ã™ã€‚ã“ã‚Œã‹ã‚‰ã‚‚å¿œæ´ã—ã¾ã™ã®ã§é ‘å¼µã£ã¦ãã ã•ã„ï¼,,,,
8/30/2020 7:17:15,Vordox,TheRealVordox,Sweden,"Happy Third Anniversary, Tokino Sora-sama. I am new to Hololive but Tokino-san has earned my respect and admiration through her videos. I wish the dream about the stadiums to become true this year!",,ä¸‰å‘¨å¹´ãŠã‚ã§ã¨ã†ã”ã–ã„ã¾ã™ã€ã¨ãã®ãã‚‰æ§˜ã€‚åˆè¦‹è€…ãªã‚“ã§ã™ã‘ã©ã‚‚ã€ç§ã¯ã¨ãã®æ§˜ã‚’å°Šæ•¬ã—ã¦ã„ã¾ã™ã€‚ä»Šå¹´ã¨ãã®ã•ã‚“ã¯æ¨ªæµœã‚¢ãƒªãƒ¼ãƒŠã§ãƒ©ã‚¤ãƒ–ã‚’ã§ãã¾ã™ã‚ˆã†ã«ï¼,< sora-sama-san? how2fix?,maybe replacing the tokino-san part with a way of referring to the individual would be best 
8/30/2020 20:43:33,ãƒãƒãƒ£,@IrfNabil,Japan,"ãã‚‰ã¡ã‚ƒã‚“3å‘¨å¹´ãŠã‚ã§ã¨ã†ï¼
ãã‚‰ã¡ã‚ƒã‚“ã¯ä»Šæ—¥ã¾ã§ã„ã£ã±ã„æˆé•·ã—ãŸã—ã€ã„ã‚ã‚“ãªã“ã¨ã«ã‚‚æŒ‘æˆ¦ã—ã¦ããŸã­ï¼
ã‚»ã‚«ãƒ³ãƒ‰ã‚¢ãƒ«ãƒãƒ ã‚‚å‡ºã‚‹ã—ï¼
ã„ã¾ã¾ã§è‰²ã‚“ãªæ„Ÿå‹•ã‚’ã‚ã‚ŠãŒã¨ã†ï¼
ãã‚‰ã¡ã‚ƒã‚“ãŒæ­¢ã¾ã‚‹ã¾ã§ã€ä¿ºã¯å¿œæ´ã—ç¶šã‘ã‚‹ã‹ã‚‰ã‚ˆâ€¦æ­¢ã¾ã‚‹ã‚“ã˜ã‚ƒã­ã‡ãâ€¦
ã“ã‚Œã‹ã‚‰ã‚‚ã‚ˆã‚ã—ããŠé¡˜ã„ã—ã¾ã™
m(_ _)m",,,,
8/30/2020 23:03:42,ã¬ãƒ¼ã‚“ã¬ã‚“,@yusuke6523,Japan,ãã‚‰ã¡ã‚ƒã‚“3å‘¨å¹´ãŠã‚ã§ã¨ã†ï¼ã“ã‚Œã¾ã§è‰²ã‚“ãªäº‹ãŒã‚ã£ã¦ã€ãã‚‰ã¡ã‚ƒã‚“ã‚„å–ã‚Šå·»ãå‘¨ã‚Šã®ç’°å¢ƒã‚‚å¤§ããå¤‰ã‚ã£ã¦æ¥ãŸã‘ã‚Œã©ã€å¤‰ã‚ã‚‰ãªã„ãã‚‰ã¡ã‚ƒã‚“ã®äººæŸ„ã€ãã‚‰ã¨ã‚‚çš†ã®ã“ã¨ã‚’è€ƒãˆã¦ãã‚Œã‚‹å„ªã—ã•ãŒå¤§å¥½ãã§ã™ï¼ã¾ã ã¾ã å¤§å¤‰ãªæƒ…å‹¢ã ã‘ã©ã€ã¾ãŸãƒ©ã‚¤ãƒ–ãŒé–‹å‚¬å‡ºæ¥ã‚‹ã‚ˆã†ã«ã“ã‚Œã‹ã‚‰ã‚‚ãšã£ã¨å¿œæ´ã—ã¦ã„ã¾ã™ï¼ã„ã¤ã‚‚æ¥½ã—ã¾ã›ã¦ãã‚Œã¦æœ¬å½“ã«ã‚ã‚ŠãŒã¨ã†ï¼,,,,
8/30/2020 23:08:19,æ°—ã¾ã¾ãªèŒ¶ç‹,@tyako_top4,Japan,"ä¸‰å‘¨å¹´ãŠã‚ã§ã¨ã†ã”ã–ã„ã¾ã™ï¼
Vtuberã¨ã„ã†æ–°ã—ã„ã‚¸ãƒ£ãƒ³ãƒ«ã§é ‘å¼µã£ã¦ããŸãã‚‰ã¡ã‚ƒã‚“ã€‚æ¥½ã—ã„ã“ã¨ã°ã‹ã‚Šã§ã¯ãªã‹ã£ãŸã¨ã¯æ€ã„ã¾ã™ãŒã€ã„ã¤ã‚‚ç¬‘é¡”ã‚’è¦‹ã›ã¦ãã‚Œã‚‹ã‚ãªãŸã®å§¿ãŒã¨ã¦ã‚‚ç´ æ•µã§å¤§å¥½ãã§ã™
ã“ã‚Œã‹ã‚‰ã‚‚å¤‰ã‚ã‚‰ã¬ãã‚‰ã¡ã‚ƒã‚“ã®å¿«é€²æ’ƒã«æœŸå¾…ã—ã¦ã€å¤¢ãŒå®Ÿç¾ã•ã‚Œã‚‹ã“ã¨ã‚’å¿ƒã‚ˆã‚Šé¡˜ã£ã¦ã„ã¾ã™
",,,,
8/30/2020 23:09:48,å±±ç”° éŠåŠ©,YAMAYAMA7538315,Japan,"ã¨ãã®ãã‚‰ã¡ã‚ƒã‚“ã€3å‘¨å¹´ã»ã‚“ã¨ã«ãŠã‚ã§ã¨ã†ã”ã–ã„ã¾ã™ï¼ï¼
ãã‚‰ã¡ã‚ƒã‚“ã®æ­Œã€å‹•ç”»ã€é…ä¿¡ã«ã„ã¤ã‚‚å…ƒæ°—ã¥ã‘ã‚‰ã‚Œã¦ã„ã¾ã™ï¼
ã“ã‚Œã‹ã‚‰ã‚‚ãŸãã•ã‚“å¿œæ´ã—ã¾ã™ï¼ï¼é ‘å¼µã£ã¦ãã ã•ã„ï¼ï¼",,,,
8/30/2020 23:13:16,ã‚«ãƒ¼ãƒ“ã‚£,@holo_Kirby,Japan,ã„ã¤ã‚‚ã‚ã‚ŠãŒã¨ã†ï¼ãã‚‰ã¡ã‚ƒã‚“ï¼ãšã£ã¨å¤§å¥½ãï¼,,,,
8/30/2020 23:18:02,ãŠã‚“ã©ã…ã‚‹(Ondru),@Aoki_core,Japan,"ãã‚‰ã¡ã‚ƒã‚“ã¸
3å‘¨å¹´ãŠã‚ã§ã¨ã†ï¼ï¼ä»Šå¹´ã‚‚è‰²ã€…ã‚ã£ãŸã­ï¼ï¼å†™çœŸé›†ã‚„ãƒŸãƒ‹ã‚¢ãƒ«ãƒãƒ ã€å››æœˆä¸€æ—¥ã•ã‚“å®¶ã¨ã€ã©ã®ã‚¤ãƒ™ãƒ³ãƒˆã‚‚è‡ªåˆ†ã®ã“ã¨ã®æ§˜ã«ã™ã£ã”ãå¬‰ã—ã„ã§ã™ï¼ï¼
ã“ã‚Œã‹ã‚‰ã‚‚æ­¢ã¾ã‚‹ã‚“ã˜ã‚ƒã­ã‡ããƒ¼ï¼ï¼",,,,
8/30/2020 23:31:32,é£²èŒ¶,@kuro_mikokoro,Japan,"ãã‚‰ã¡ã‚ƒã‚“ã€3å‘¨å¹´ãŠã‚ã§ã¨ã†ï½ï¼âœ©Â°ï½¡â‹†â¸œ(* à¥‘ê’³ à¥‘* )â¸
æ°—ã¥ã„ãŸã‚‰ã‚ã£ã¨ã„ã†é–“ã«3å¹´ãŒçµŒã£ã¦ãŸã‚ˆï½¥ï½¥ï½¥_(:3ï½£ âˆ  )_
ä»Šã¯ã‚³ãƒ­ãƒŠã¨ã‹ã®é–¢ä¿‚ã§ç¾åœ°ã®LIVEãŒå‡ºæ¥ãªã„çŠ¶æ…‹ã ã‘ã©ã€ã¾ãŸå‡ºæ¥ã‚‹æ§˜ãªä¸–ã®ä¸­ã«ãªã‚Œã°ä½•å‡¦ã§ã‚ã‚ã†ã¨å¿œæ´ã—ã«ã„ãã‚ˆï½â‚â‚ â—(â€¢Ì€ã…‚â€¢Ì)â—Ÿ â¾â¾
ã“ã‚Œã‹ã‚‰ã‚‚ãšã£ã¨ã€ãšãƒ¼ã£ã¨ã‚ˆã‚ã—ãã­(à¹‘â•¹ã……â•¹)",,,,
8/30/2020 23:35:23,ã‚«ãƒ¢ãƒ¡,orange_kamome,Japan,"ãã‚‰ã¡ã‚ƒã‚“æ´»å‹•3å‘¨å¹´ãŠã‚ã§ã¨ã†ã”ã–ã„ã¾ã™ï¼
æ˜¨ä»Šã¯å¤§å¤‰ãªæ™‚æœŸã§ã‚‚ã‚ã‚Šã¾ã—ãŸãŒã€ãã®ä¸­ã§ã¿ã‚“ãªã®ç¬‘é¡”ã®ç‚ºã«è‡ªåˆ†ã«å‡ºæ¥ã‚‹äº‹ã‚’ã™ã‚‹ãã‚‰ã¡ã‚ƒã‚“ã®å§¿ã«é­…ã›ã‚‰ã‚ŒãŸæ™‚æœŸã§ã‚‚ã‚ã‚Šã¾ã—ãŸ
ã¿ã‚“ãªã‚„ãã‚‰ã¨ã‚‚ã®äº‹ã‚’è€ƒãˆã¦ãã‚Œã‚‹ãã‚‰ã¡ã‚ƒã‚“ã®äº‹ãŒå¤§å¥½ãã§ã™ï¼
4å¹´ç›®ã®ã‚ˆã‚Šä¸€å±¤ã®æ´»èºã‚’å¿ƒã‹ã‚‰å¿œæ´ã—ã¦ã„ã¾ã™ï¼",,,,
8/30/2020 23:38:55,ãƒãƒ£ãƒ“ã‚ª,,Japan,"ãã‚‰ã¡ã‚ƒã‚“ã“ã‚“ãã‚ï½ï¼ï¼“å‘¨å¹´ãŠã‚ã§ã¨ã†ã”ã–ã„ã¾ã™ğŸ‰ãã‚‰ã¨ã‚‚ã«ãªã£ã¦åˆã‚ã¦å‘¨å¹´ã®ãŠç¥ã„ã ã‹ã‚‰å‡„ã„å¬‰ã—ã„ã§ã™ï¼ã“ã‚Œã‹ã‚‰ã‚‚4å‘¨å¹´ã€5å‘¨å¹´ã¨ãã‚‰ã¡ã‚ƒã‚“ã®ãƒšãƒ¼ã‚¹ã§é€²ã‚“ã§ä¸‹ã•ã„ã­ï¼æ­¢ã¾ã‚‹ã‚“ã˜ã‚ƒã‚ã­ã‡ãï½ï¼ã“ã‚Œã‹ã‚‰ã‚‚ãã‚‰ã¨ã‚‚ã¨ã—ã¦å¿œæ´ã—ã¦ã¾ã™ï¼
(à¹‘â•¹á†ºâ•¹)ã¬ã‚“ã¬ã‚“",,,,
8/30/2020 23:43:35,MJ,,Japan,"ãã‚‰ã¡ã‚ƒã‚“3å‘¨å¹´ãŠã‚ã§ã¨ã†ï¼ğŸŠ

ã“ã‚Œã¾ã§æœ¬å½“ã«è‰²ã€…ãªã“ã¨ã‚’çµŒé¨“ã—ã¦ããŸã­ï¼ä¸­ã«ã¯å¤§å¤‰ãªã“ã¨ã‚‚ã‚ã£ãŸã‚ˆã­ã€ã§ã‚‚ãã‚Œã‚’ä¹—ã‚Šè¶Šãˆã¦ç³§ã«ã—ã¦3å‘¨å¹´ã‚’è¿ãˆã‚‰ã‚ŒãŸã®ã¯ãã‚‰ã¡ã‚ƒã‚“è‡ªèº«ãŒè«¦ã‚ãªã„ã§é€²ã‚“ã§ããŸã‹ã‚‰ãªã‚“ã ã¨æ€ã„ã¾ã™ã€‚

é€²ã‚“ã§ã‚‹é“ãŒéé…·ãªé“ãªã®ã¯çŸ¥ã£ã¦ã‚‹ã€‚
ã§ã‚‚ãã‚‰ã¡ã‚ƒã‚“ãªã‚‰é€²ã‚ã‚‹ã‚ˆï¼å¾Œè¼©ã¡ã‚ƒã‚“ã‚„ãŠå‹é”ã‚„ã‚¹ã‚¿ãƒƒãƒ•ã•ã‚“ãã—ã¦ãã‚‰ã¨ã‚‚ãŒã„ã‚‹ï¼ã“ã‚Œã‹ã‚‰ã‚‚çš†ã§ã‚†ã£ãã‚Šé€²ã‚“ã§è¡Œã“ã†ã­ï¼

ãã‚‰ã¡ã‚ƒã‚“å¤§å¥½ãï¼",,,,
8/30/2020 23:49:04,ã°ã†ã‚€,Baumu_Delay,Japan,"ãã‚‰ã¡ã‚ƒã‚“ï¼3å‘¨å¹´ãŠã‚ã§ã¨ã†ã”ã–ã„ã¾ã™ï¼ï¼
ãã‚‰ã¡ã‚ƒã‚“ã‚’è¦‹å§‹ã‚ãŸã®ã¯ã‚¯ãƒªã‚¹ãƒã‚¹å›ã‹ã‚‰ã§ã™ã€‚
ãã“ã‹ã‚‰è¦‹å§‹ã‚ã¦ã€å»å¹´ã®10æœˆã«ã¯ã‚½ãƒ­ãƒ©ã‚¤ãƒ–ã€‚ä»Šå¹´ã®1æœˆã«ã¯ãƒãƒ³ã‚¹ãƒˆãƒƒãƒ—ã‚¹ãƒˆãƒ¼ãƒªãƒ¼ã¨å¤§èºé€²ã§ã¨ã¦ã‚‚å¬‰ã—ã„ã§ã™(à¹‘â•¹á†ºâ•¹)
ã“ã‚Œã‹ã‚‰ã‚‚æ­¢ã¾ã‚‰ãšã«é€²ã¿ç¶šã‘ã‚‹ãã‚‰ã¡ã‚ƒã‚“ã‚’å¿œæ´ã—ã¦ã¾ã™ï¼
ãã‚‰ã¡ã‚ƒã‚“ãŒæ¨ªã‚¢ãƒªã«è¡Œã‘ã‚‹æ—¥ã‚’æ¥½ã—ã¿ã«ã—ã¦ã¾ã™ï¼ï¼",,,,
8/30/2020 23:50:23,ã¾ã—ã‚P,masiroP_srtm,Philippines,"Sora-chan! Happy 3rd Anniversary! I'll continue to support you even after you reach your dream of Yokohama Arena!

-Fan Translator and Former Sora ch. Community Subber, MasiroP",,ãã‚‰ã¡ã‚ƒã‚“ï¼ä¸‰å‘¨å¹´ãŠã‚ã§ã¨ã†ã”ã–ã„ã¾ã™ï¼ã„ã¤ã‹ãã‚‰ãŒæ¨ªæµœã‚¢ãƒªãƒ¼ãƒŠã®ã‚¹ãƒ†ãƒ¼ã‚¸ã«ç«‹ã£ã¦ã‚‚ç§ãŸã¡ã®å¿œæ´ã‚‚æ­¢ã¾ã‚‰ãªã„ã§ã™ï¼,,
8/31/2020 0:01:20,æ˜Ÿè¦‹æµ·æœˆ,V19384563,Japan,"ãã‚‰ã¡ã‚ƒã‚“æ´»å‹•3å‘¨å¹´ãŠã‚ã§ã¨ã†ï¼
ãã‚‰ã¡ã‚ƒã‚“ã®æ”¾é€ã€ãŠæ­Œã€ã‚¤ãƒ™ãƒ³ãƒˆå…¨ã¦ã«å…ƒæ°—ã‚’è²°ã£ã¦ã„ã¾ã™ï¼ã„ã¤ã‚‚ãã‚‰ã¨ã‚‚ã«å„ªã—ãæ¥ã—ã¦ãã‚Œã¦æœ¬å½“ã«ã‚ã‚ŠãŒã¨ã†ï¼ã“ã‚Œã‹ã‚‰ã‚‚ãã‚‰ã¡ã‚ƒã‚“ã®å¤¢ãŒå¶ã†ã‚ˆã†ã«ã„ã£ã±ã„å¿œæ´ã—ã¦ã„ãã¾ã™ï¼ãã‚‰ã¡ã‚ƒã‚“ãŒå¹¸ã›ã«æ´»å‹•ã§ãã¾ã™ã‚ˆã†ã«ï¼",,,,
8/31/2020 0:29:39,ARASI-K,Karasi122,Taiwan,"ãã‚‰ã¡ã‚ƒã‚“ï¼3å‘¨å¹´ãŠã‚ã§ã¨ã†ã”ã–ã„ã¾ã™ï¼
ã‚‚ã†3å‘¨å¹´ã ......ã‚¢ãƒ«ãƒãƒ ï¼Œå†™çœŸé›†ï¼Œå˜ç‹¬ãƒ©ã‚¤ãƒ–.......è‰²ã€…ã‚ã‚Šã¾ã—ãŸã­ï¼
ã“ã‚Œã‹ã‚‰ã‚‚æ²¢å±±å¿œæ´ã—ã¾ã™ï¼ç›®æŒ‡ã›æ¨ªæµœï¼æ­¢ã¾ã‚‰ã­ãˆãï¼ï¼ï¼",,,,
8/31/2020 0:31:56,ã‚¼ãƒ­PERIA,@zeroa_kain,Japan,"ãã‚‰ã¡ã‚ƒã‚“3å‘¨å¹´ãŠã‚ã§ã¨ã†ï¼ï¼
2å¹´å‰è‡ªåˆ†ãŒä½•ã‚‚è€ƒãˆã‚‰ã‚Œãªããªã£ãŸæ™‚ã«åˆã‚ã¦å¤¢è‰²ã‚¢ã‚¹ã‚¿ãƒªã‚¹ã‚¯ã‚’è´ã„ã¦ã€ãã“ã‹ã‚‰å¤¢è‰²ã‚¢ã‚¹ã‚¿ãƒªã‚¹ã‚¯ã«ãƒãƒã‚Šã€ãã‚‰ã¡ã‚ƒã‚“ã«ãƒãƒã‚Šã€Vtuberã¨ã„ã†æ–‡åŒ–ã«æœ¬æ ¼çš„ã«ãƒãƒã‚Šã¾ã—ãŸã€‚ãã“ã‹ã‚‰ãã‚‰ã¡ã‚ƒã‚“ã®å‰å‘ãã«è‡ªåˆ†ã®ã‚„ã‚ŠãŸã„ã“ã¨ã‚’ã—ã¦é ‘å¼µã£ã¦è¡Œãå§¿ã«ä»Šã§ã‚‚å…ƒæ°—ã‚’ã‚‚ã‚‰ã£ã¦ã„ã¾ã™ã€‚
è‰²ã€…ã‚ã£ãŸã‘ã©2å¹´å‰ã«ãã‚‰ã¡ã‚ƒã‚“ã«å‡ºä¼šãˆã¦æœ¬å½“ã«è‰¯ã‹ã£ãŸã¨æ€ã£ã¦ã„ã¾ã™ã€‚æœ¬å½“ã«3å‘¨å¹´ãŠã‚ã§ã¨ã†ï¼ï¼ï¼",,,,
8/31/2020 0:58:32,ã‚Œãƒ¼ã‚ˆã‚“31,@3Reyon1,Japan,"æ´»å‹•ï¼“å‘¨å¹´ãŠã‚ã§ã¨ã†ï¼
ã¾ãŸã“ã®æ—¥ã‚’ãŸãã•ã‚“ã®ç¥ç¦ã¨å…±ã«è¿ãˆã‚‰ã‚ŒãŸã“ã¨ã€å…‰æ „ã«æ€ã„ã¾ã™ã€‚
ç‰¹ã«ã€ãã‚‰ã¡ã‚ƒã‚“ãŒã“ã®ï¼‘å¹´å–ã‚Šçµ„ã‚“ã§ããŸã“ã¨ã¯èª°ã‚‚ãŒå°Šæ•¬ã«å€¤ã—ã¾ã™ã€‚çŸ¥ååº¦ã‚‚æ ¼æ®µã«ä¸ŠãŒã‚Šã¾ã—ãŸã€‚ãƒãƒ¼ãƒãƒ£ãƒ«ã‚¢ã‚¤ãƒ‰ãƒ«ãŒæ´»èºã™ã‚‹èˆå°ã€ãã®ä¸–ç•Œã‚’å‰µã£ãŸã®ã¯ã‚ãªãŸã§ã™ã€‚ã‚ã‚ŠãŒã¨ã†ã€‚
ã¾ãŸãã‚‰ã¨ã‚‚ã¿ã‚“ãªã§ã€çµ¶å¯¾ã«ãƒ¯ãƒ³ãƒãƒ³ãƒ©ã‚¤ãƒ–ã‚„ã‚Šã¾ã—ã‚‡ã†ï¼å¿…ãšãã®æ—¥ã¯ã‚„ã£ã¦ãã¾ã™ï¼ä¿¡ã˜ã¦ã¾ã™ï¼
ä»Šå¾Œã‚‚ãšã£ã¨è¦‹ã¦ã„ã¾ã™ï¼å¤§å¥½ãã§ã™ï¼",,,,
8/31/2020 2:30:20,Assy,@Assy_lovelive,Japan,"ãã‚‰ã¡ã‚ƒã‚“3å‘¨å¹´ãŠã‚ã§ã¨ã†ã”ã–ã„ã¾ã™ï¼
ä»Šå¹´ã¯NSSã‚„ãƒŸãƒ‹ã‚¢ãƒ«ãƒãƒ ã€å¤§æˆåŠŸã—ãŸå¾Œå¤œç¥­ãƒ©ã‚¤ãƒ–ã¨å¹¾åº¦ãªãé˜»ã¾ã‚ŒãŸæµè¡Œç—…ã«ã‚‚è² ã‘ãšçªãé€²ã‚“ã§æ¥ã¦ãã‚Œã¦ã‚ã‚ŠãŒã¨ã†ï¼
10æœˆã«ã¯2ndã‚¢ãƒ«ãƒãƒ ç™ºå£²ã‚‚ã‚ã‚Šã¨ã£ã¦ã‚‚æ¥½ã—ã¿ã§ã™ï¼
ã“ã‚Œã‹ã‚‰ã‚‚ãã‚‰ã¡ã‚ƒã‚“ã«ã¨ã£ã¦æ¥½ã—ãå…ƒæ°—ã«æ´»å‹•ã—ã¦ã‚‚ã‚‰ãˆãŸã‚‰å¬‰ã—ã„ã§ã™ï¼
4å¹´ç›®ã«ãªã£ã¦ã‚‚ãã‚‰ã¡ã‚ƒã‚“ãŒä¸€ç”Ÿæ‡¸å‘½ã«è¼ã„ã¦é€²ã‚“ã§ã„ãå§¿ã‚’å¿œæ´ã—ã¦ã„ã¾ã™ï¼ï¼ï¼
ã“ã‚Œã¾ã§ã‚‚ã“ã‚Œã‹ã‚‰ã‚‚å¤§å¥½ãã§ã™ï¼",,,,
8/31/2020 4:01:00,ã¨ã™ã£ã½,tosu_Po,Japan,"ãã‚‰ã¡ã‚ƒã‚“æ´»å‹•ï¼“å‘¨å¹´ãŠã‚ã§ã¨ã†ã”ã–ã„ã¾ã™ï¼
ã‚ãªãŸã®ã€Œè¨€è‘‰ã€ãŒã€Œæ€ã„ã€ãŒã€Œæ­Œã€ãŒã€Œæœªæ¥ã€ãŒã²ã¨ç¶šãã«ç¹‹ãŒã£ã¦ã„ãã®ã‚’è¦‹ã‚‹ã®ãŒã¨ã¦ã‚‚æ¥½ã—ã„ã§ã™ã€‚
ã“ã‚Œã‹ã‚‰ã‚‚ãã®è¡Œãæœ«ã‚’è¦‹å±Šã‘ãŸã„ã§ã™ã€‚
ï¼”å¹´ç›®ã‚‚æ­¢ã¾ã‚‹ã‚“ã˜ã‚ƒã­ã‡ãï½‚
å¤¢ã«å‘ã‹ã£ã¦ã€ãã—ã¦ã„ã¤ã‹ãã®å…ˆã¸ï¼",Thank you for planningï¼Soratomo foreverï¼ï¼ˆThis message has nothing to do with Sora.ï¼‰,,,
8/31/2020 4:09:54,ã©ã‚‰,dora_dora_4649,Japan,"ãã‚‰ã¡ã‚ƒã‚“3å‘¨å¹´ãŠã‚ã§ã¨ã†ï¼
ã“ã‚Œã‹ã‚‰ã‚‚ã‚ãªãŸã®é¸ã¶é“ã«å…‰ãŒã‚ã‚Šã¾ã™ã‚ˆã†ã«ï¼",,,,
8/31/2020 4:14:59,ã‹ã‚‚,@p2NfaBCpm6RmaaF,Japan,ãã‚‰ã¡ã‚ƒã‚“æ´»å‹•3å‘¨å¹´ãŠã‚ã§ã¨ã†ã”ã–ã„ã¾ã™ï¼æ­Œã«ç”Ÿæ”¾é€ã«ã„ã¤ã‚‚ç´ æ•µãªæ™‚é–“ã‚’ã‚ã‚ŠãŒã¨ã†ã”ã–ã„ã¾ã™ï¼ãã‚‰ã¡ã‚ƒã‚“ãŒé€²ã‚€é“ã‚’ã“ã‚Œã‹ã‚‰ã‚‚ãšã£ã¨å¿œæ´ã—ã¾ã™ï¼4å¹´ç›®ã‚‚ãã®å…ˆã‚‚ãã‚‰ã¡ã‚ƒã‚“ãŒç¬‘ã£ã¦éã”ã›ã¾ã™ã‚ˆã†ã«ï¼,,,,
8/31/2020 5:07:31,ã‚³ãƒƒã‚±ãƒ³,@kokken042,Japan,"ãã‚‰ã¡ã‚ƒã‚“ã€æ´»å‹•3å‘¨å¹´ãŠã‚ã§ã¨ã†ã”ã–ã„ã¾ã™ï¼
ã“ã®3å¹´é–“ã€ãƒãƒ¼ãƒãƒ£ãƒ«JKã¨å‘¼ã°ã‚Œã¦ã„ãŸã‚ãªãŸã¯ç«‹æ´¾ã«æˆäººã—ã€ä¸€äººã®ãƒãƒ¼ãƒãƒ£ãƒ«ã‚¢ã‚¤ãƒ‰ãƒ«ã¨ã—ã¦å¤šãã®ã‚¹ãƒ†ãƒ¼ã‚¸ã«ç«‹ã¤ã‚ˆã†ã«ãªã‚Šã¾ã—ãŸã€‚
ãã†ãªã‚‹ã¾ã§ãŸãã•ã‚“ã®åŠªåŠ›ã‚’ã—ã¦ããŸã®ã‚’ç§é”ãã‚‰ã¨ã‚‚ã¯çŸ¥ã£ã¦ã„ã¾ã™ã—ã€ãã®å§¿ã«æ•°ãˆåˆ‡ã‚Œãªã„ã»ã©ã®å…ƒæ°—ã¨ç™’ã‚„ã—ã‚’ã‚‚ã‚‰ã„ã¾ã—ãŸã€æœ¬å½“ã«ã‚ã‚ŠãŒã¨ã†ã€‚
ã“ã‚Œã‹ã‚‰ã‚‚æ­Œã¨ãƒ›ãƒ©ã‚²ãŒå¤§å¥½ãã§ã€å„ªã—ãã¦ã€å…ƒæ°—ãªã‚ãªãŸã§ã„ã‚‰ã‚Œã¾ã™ã‚ˆã†ã«ï¼",,,,
8/31/2020 5:13:53,é€²åŸ,@soratomonosiro,Japan,3å‘¨å¹´ã€ãŠã‚ã§ã¨ã†ã€‚ã“ã‚Œã¾ã§æ§˜ã€…ãªå›°é›£ãŒã‚ã£ãŸã—ã€ãã£ã¨ã“ã‚Œã‹ã‚‰ã‚‚ã‚ã‚‹ã¨æ€ã†ã‘ã©ãã‚‰ã¡ã‚ƒã‚“ãªã‚‰ä¹—ã‚Šè¶Šãˆã‚‰ã‚Œã‚‹ã¨ä¿¡ã˜ã¦ã„ã¾ã™ã€‚ç›®æŒ‡ã›æ¨ªã‚¢ãƒªã€‚è¡¨ç«‹ã£ã¦å¿œæ´ã™ã‚‹ã“ã¨ã¯ãªããªã£ã¦ã—ã¾ã£ãŸã‘ã‚Œã©ã€ãšã£ã¨è¦‹å®ˆã£ã¦ã„ã¾ã™ã€‚ã“ã‚Œã‹ã‚‰ã‚‚é ‘å¼µã£ã¦ã­ã€‚,,,,
8/31/2020 7:12:49,skan,@skan_ndk,South-Korea,ãã‚‰ã¡ã‚ƒã‚“ã€3å‘¨å¹´ãŠã‚ã§ã¨ã†ã”ã–ã„ã¾ã™ï¼ãã‚‰ã¡ã‚ƒã‚“ã®æ­Œã¨é…ä¿¡ãŒæ¯æ—¥ã®ç™’ã—ã«ãªã£ã¦ã¾ã™ã€‚å¤¢ã«å‘ã‹ã£ã¦é ‘å¼µã‚‹å§¿ã‚’è¦‹ã¦ã€ã„ã¤ã‚‚å‹‡æ°—ã‚’ã‚‚ã‚‰ã£ã¦ã„ã¾ã™ã€‚ãšã£ã¨å…ƒæ°—ã‚’å±Šã‘ã¦ãã‚Œã¦ã‚ã‚ŠãŒã¨ã†ï¼ã“ã‚Œã‹ã‚‰ã‚‚ã‚†ã£ãã‚Šèµ°ã£ã¦è¡Œãã¾ã—ã‚‡ã†ã€‚,,,,
8/31/2020 8:02:31,é£›åŠ,UHFfiwZ9NdFrGko,Taiwan,"Hi, Iâ€™m a small fan in this group.I am glad to meet soraâ€™s stream.soraâ€™s voice is so amazing that I always fascinated in every streams.l hope l can see more soraâ€™s streams.",,ã“ã‚“ã«ã¡ã¯ã€ãƒ•ã‚¡ãƒ³ã¨ã—ã¦ã¾ã ã¾ã æœªç†Ÿãªã‚“ã§ã™ã‘ã©ãã‚‰ã•ã‚“ã«ä¼šã£ã¦ã‚ˆã‹ã£ãŸã€‚ãã‚‰ã•ã‚“ã®å£°ã¯ç´ æ•µéãã¦æ¯å›é…ä¿¡ãŒå¤¢ä¸­ã«ãªã‚Šãã†ã€‚ã‚‚ã£ã¨ãã‚‰ã•ã‚“ã®é…ä¿¡ã‚’è¦‹ã¦ã¿ãŸã„ã§ã™ã€‚,,
8/31/2020 8:29:21,ã¡ã‚‡ã¶ãŸ,,Japan,ãã‚‰ã¡ã‚ƒã‚“3å‘¨å¹´ãŠã‚ã§ã¨ã†ï¼ç„¡ç†ã®ãªã„ç¨‹åº¦ã«å…ƒæ°—ã«æ´»å‹•ã—ã¦ã„ã£ã¦ãã ã•ã„ï¼,,,,
8/31/2020 17:00:21,èµ¤ãƒšãƒ³ç ”ä¿®ç”ŸğŸ»ğŸ’¿,KzjiC5PVfl8BypG,Japan,"ã¨ãã®ãã‚‰ã•ã‚“3å‘¨å¹´ãŠã‚ã§ã¨ã†ã”ã–ã„ã¾ã™ï¼
ç§ã¯ã‚¬ãƒƒãƒãã‚‰ã‚³ãƒ©ãƒœã§çŸ¥ã£ãŸã°ã‹ã‚Šã®éšåˆ†ã¨å‘¨å›é…ã‚Œãªãƒ•ã‚¡ãƒ³ãªã®ã§ã™ãŒã€ãã‚‰ã•ã‚“ã®æ­Œã‚„ç”Ÿæ”¾é€ã«ã¯ã„ã¤ã‚‚å…ƒæ°—ã‚’ã„ãŸã ã„ã¦ã¾ã™ã€‚
ã“ã‚Œã‹ã‚‰ã‚‚ã”æ´»èºã®å ´ãŒæ­¢ã¾ã‚‰ãªã„ã§ã‚ã‚ã†ãã‚‰ã•ã‚“ã‚’ä¸€äººã®ãã‚‰ã¨ã‚‚ã¨ã—ã¦å¿œæ´ã—ã¦ã„ãã¾ã™ã€‚
å¤¢ã®èˆå°ã§ã‚ã‚‹æ¨ªã‚¢ãƒªã«çµ¶å¯¾è¡Œãã¾ã—ã‚‡ã†ã­ï¼ï¼",,,,
8/31/2020 18:08:25,utage@ã†ãŸã’,utage_love_xpc,Japan,"ãã‚‰ã¡ã‚ƒã‚“3å‘¨å¹´ãŠã‚ã§ã¨ã†ï¼
3å‘¨å¹´ã‚’è¿ãˆã¦ã€ãã‚‰ã¡ã‚ƒã‚“ã¯ä»Šå¹¸ã›ã§ã™ã‹ï¼Ÿ
åƒ•ã¯ã€ãã‚‰ã¡ã‚ƒã‚“ã®æ­Œã«å›²ã¾ã‚Œã¦å¹¸ã›ã§ã™ï¼
ä»Šæ—¥ãŒã€ãã—ã¦ã“ã‚Œã‹ã‚‰ã®æœªæ¥ãŒã€ãã‚‰ã¡ã‚ƒã‚“ã«ã¨ã£ã¦ç´ æ•µã§ã‚ã‚Šç¶šã‘ã¾ã™ã‚ˆã†ã«ï¼
ã“ã‚Œã‹ã‚‰ã‚‚ä¸€ç·’ã«é€²ã¿ã¾ã—ã‚‡ã†ï¼
ã‚ã®æ™‚ã®ç©ºã¸",,,,
8/31/2020 18:46:29,ãŠèŒ¶ã•ã‚“,ochasan_san,Japan,ã¨ãã®ãã‚‰ã•ã‚“ä¸‰ç¨®å¹´ãŠã‚ã§ã¨ï¼ã“ã‚Œã‹ã‚‰ã‚‚å¹¸ã›ãŒç¶šãšãã¾ã™ã‚ˆã†ã€‚ãã‚‰ã•ã‚“ã®ã‚²ãƒ¼ãƒ é…ä¿¡ãŒå¥½ãã¨ãŸã®ã—ã„ãã—ã¦ãŠã‚‚ã—ã‚ã„ï¼Œã§ã‚‚ãƒ›ãƒ©ãƒ¼ã‚²ãƒ¼ãƒ ã“ã‚ã„ã‚ˆï¼æœ€å¾Œã®ã¼ãã¯å°Šæ•¬ã™ã‚‹ã—ã¾ã™ï¼,,,,
8/31/2020 19:41:47,Regent,regent_546,Indonesia,ãã‚‰ã¡ã‚ƒã‚“3å‘¨å¹´ãŠã‚ã§ã¨ã†ï¼ä»Šå¹´ã¯ã¨ã¦ã‚‚æ¥½ã—ã‹ã£ãŸï¼ã“ã‚Œã‹ã‚‰ã‚‚ãã‚‰ã¡ã‚ƒã‚“å¿œæ´ã—ã¦ã¾ã™ãƒ¼ï¼,,,,
9/1/2020 2:47:49,TTyj,@TTyj_soratomo ,South-Korea,ã¨ãã®ãã‚‰ã•ã‚“ï¼ 3å‘¨å¹´ãŠã‚ã§ã¨ã†ã”ã–ã„ã¾ã™ï¼ ä»Šã¾ã§ã‚½ãƒ©ã•ã‚“ã«ã‚³ãƒ¡ãƒ³ãƒˆã¨ãƒ•ã‚¡ãƒ³ã‚¢ãƒ¼ãƒˆã‚’ä¸€ç”Ÿæ‡¸å‘½é€ã‚ŠãªãŒã‚‰ãŸãã•ã‚“ã®åŠªåŠ›ã‚’ã—ã¾ã—ãŸã€‚ éŸ“å›½ã§ã‚‚ã‚ˆã‚ã—ããŠé¡˜ã„ã—ã¾ã™ã€‚,,,,
9/1/2020 5:36:32,Penking3,Mass_Pro_0079,Hong Kong,"ã¨ãã®ãã‚‰ã•ã‚“ä¸‰å‘¨å¹´è¨˜å¿µãŠã‚ã§ã¨ã†ã”ã–ã„ã¾ã™
ã„ã¤ã§ã‚‚å¿œæ´ã—ã¦ã„ã¾ã™
æ­¢ã¾ã‚‹ã‚“ã˜ã‚ƒã­ã‡ãï½ï½ï¼(à«­â€¢Ì€ã…‚â€¢Ì)à«­",,,,
9/1/2020 7:51:20,ã­ã“ã‚„ãªã,@nekoyan151,Japan,ã¨ãã®ãã‚‰ã¡ã‚ƒã‚“3å‘¨å¹´ãŠã‚ã§ã¨ã†ã”ã–ã„ã¾ã™ï¼4å¹´ç›®ã‚‚ã©ã‚“ã©ã‚“é£›èºã—ã¦ã”æ´»èºã—ã¦ã„ãå§¿ã‚’æ¥½ã—ã¿ã«ã—ã¦ã¾ã™ï¼ç›®æŒ‡ã›ï¼æ¨ªæµœã‚¢ãƒªãƒ¼ãƒŠï¼(*Â´Ï‰ï½€),,,,
9/1/2020 19:45:14,MegaTheGamer,,United-States,"Congratulations on 3 years, Miss Sora! Thank you for always doing your best to entertain us! I sincerely hope you continue to excel for many more years to come and reach your dreams! Love from Texas!",,ãã‚‰å…ˆè¼©ã€ä¸‰å‘¨å¹´ãŠã‚ã§ã¨ã†ã”ã–ã„ã¾ã™ï¼ã„ã¤ã‚‚ã¿ã‚“ãªã®ãŸã‚ã«é ‘å¼µã£ã¦ã„ã¦ã€ã‚ã‚ŠãŒã¨ã†ã”ã–ã„ã¾ã™ï¼ã“ã‚Œã‹ã‚‰ã®ãã‚‰ã¯ã‚‚ã£ã¨è¼ã„ã¦ã„ãã¨ä¿¡ã˜ã¦ã„ã¾ã™ï¼,,
9/1/2020 20:26:13,Takaneki,takaneki23,Philippines,ã¨ãã®ãã‚‰ã•ã‚“ãŠï¼“å‘¨å¹´ã£ã¨ã‚ã§ã¨ã†ã”ã–ã„ã¾ã™! ,,,,
9/1/2020 20:35:13,Azioria,azioria,United-States,"Sora-chan, thanks for always acknowledging and speaking to the overseas fans! We will continue to support you.",,ãã‚‰ã¡ã‚ƒã‚“ã€ã„ã¤ã‚‚æµ·å¤–ã®ã¿ã‚“ãªã•ã‚“ã¨ä¼šè©±ã‚’ã—ã¦ã„ã¦ã€ã‚ã‚ŠãŒã¨ã†ã”ã–ã„ã¾ã™ã€‚ã“ã‚Œã‹ã‚‰ã‚‚å¿œæ´ã—ã¾ã™ã€‚,èªã‚Šåˆã£ã¦ï¼ˆï¼Ÿï¼‰ä¼šè©±ï¼ˆï¼Ÿï¼‰,ãã‚‰ã¡ã‚ƒã‚“ã€ã„ã¤ã‚‚æµ·å¤–ã®ã¿ã‚“ãªã•ã‚“ã«ä¼šè©±ã‚’ã—ã¦ã€ã‚ã‚ŠãŒã¨ã†ã”ã–ã„ã¾ã™ï¼ã“ã‚Œã‹ã‚‰ã‚‚å¿œæ´ã—ã¾ã™ã€‚ï¼ˆï¼Ÿï¼‰
9/1/2020 20:48:46,RedBlueAndGray,,United-States,"I have only known you for a few months, but have fallen in love with you and all you have done. Keep up the good work, and I will continue cheering you on.",,ãã‚‰ã¨ã‚‚ã¨ã—ã¦ã¯ã¾ã æ–°å‚ã§ã™ãŒã€ã“ã‚Œã‹ã‚‰ã‚‚å¿œæ´ã—ã¦ã„ã¾ã™ï¼é ‘å¼µã£ã¦ãã ã•ã„ï¼,,
9/1/2020 20:52:28,Soratomo,,Canada,Congratulations on your 3rd Anniversary!!! Yay!!!,,ä¸‰å‘¨å¹´ãŠã‚ã§ã¨ã†ã”ã–ã„ã¾ã™ï¼ï¼ï¼ã„ãˆãƒ¼ã„ï½ï¼,,
9/1/2020 20:56:24,Kaizeshu,kaizeshu,Philippines,"Happy 3rd Anniversary, Sora! Congrats on 440k also! (à¹‘â•¹á†ºâ•¹)ğŸ‰",,ä¸‰å‘¨å¹´ãŠã‚ã§ã¨ã†ã”ã–ã„ã¾ã™ã€ãã‚‰ã•ã‚“ï¼ãã‚Œã¨ã€ï¼”ï¼”ä¸‡äººçªç ´ãŠã‚ã§ã¨ã†ã”ã–ã„ã¾ã™ï¼ (à¹‘â•¹á†ºâ•¹)ğŸ‰,,
9/1/2020 21:15:30,VorteX,VorteX_204,Philippines,"Happy 3rd Anniversary, Sora!! Here's to many more years to come!!",,ä¸‰å‘¨å¹´ãŠã‚ã§ã¨ã†ã”ã–ã„ã¾ã™ï¼ã“ã‚Œã‹ã‚‰ã®æœªæ¥ã‚‚ãã£ã¨è¼ã„ã¦ã‚‹ã¨ä¿¡ã˜ã¦ã„ã¾ã™ï¼,,
9/1/2020 22:02:23,Manhha251,manhha251,Vietnam,Congratulate Sora-senpai for 3 year anniversary !!! I have been a Soratomo ever since I first know you. Thank you for always making everyone happy. We all wish your dream will come true (à¹‘â•¹á†ºâ•¹),,ä¸‰å‘¨å¹´ãŠã‚ã§ã¨ã†ã”ã–ã„ã¾ã™ã€ãã‚‰å…ˆè¼©ï¼ãã‚‰å…ˆè¼©ã«ä¼šã£ã¦ã‹ã‚‰ãšã£ã¨ãã‚‰ã¨ã‚‚ã§ã—ãŸã€‚ã„ã¤ã‚‚ãã‚‰ã¨ã‚‚ãŸã¡ã‚’å¹¸ã›ã«ã—ã¦ãã‚Œã¦ã‚ã‚ŠãŒã¨ã†ã€‚ãã‚‰ã¡ã‚ƒã‚“ã®å¤¢ã‚’å¶ã†ã“ã¨ã‚’ãŠç¥ˆã‚Šã—ã¾ã™ï¼(à¹‘â•¹á†ºâ•¹),,
9/1/2020 22:05:18,Kaze,royotomon45,Philippines,"Marhay na Gabi Sora-senpai, congrats sa tulong taong aniversaryo! Masagana na an saimong buhay at sa permi mong pinakamagayon na pagkanta! Namoot ako sa patuloy na pag-serbi saamo at sa imong kapwa!","Good eve Sora-senpai, congrats on your 3rd Year Anniversary! Your life has gotten alot better than before and your ever improving singing! I always love your continued service to us and your peers!",ãã‚‰å…ˆè¼©ã€ã“ã‚“ã°ã‚“ã¯ï¼ä¸‰å‘¨å¹´ãŠã‚ã§ã¨ã†ã”ã–ã„ã¾ã™ï¼äººç”Ÿè‰¯ããªã‚Šã¾ã—ãŸã­ï¼æ­Œã†ã“ã¨ã‚‚ä¸Šæ‰‹ã«ãªã£ã¦ã„ã¾ã™ï¼ã¿ã‚“ãªã¸ã®åŠªåŠ›å…¨åŠ›ã§è¡Œã‘ã‚‹ã®ã¯å¤§å¥½ãã§ã™ï¼,,
9/1/2020 22:11:26,Hyped, lostweeb_,Indonesia,"Hi Sora!! Congratulations on making it to the third anniversary! You deserved it. I wish you good luck on the future! I hope you keep singing for us, since your voice is really beautiful. (à¹‘â•¹á†ºâ•¹)",,ãã‚‰ã•ã‚“ï¼ä¸‰å‘¨å¹´ãŠã‚ã§ã¨ã†ã”ã–ã„ã¾ã™ï¼ã“ã‚Œã‹ã‚‰ã‚‚é ‘å¼µã£ã¦ãã ã•ã„ï¼ãã‚‰ã®ç¶ºéº—ãªæ­Œå£°ãŒã“ã‚Œã‹ã‚‰ã‚‚èããŸã„ã§ã™ï¼,,
9/1/2020 22:24:50,ç«œç¥ RyuuJin ë¶ˆìš©,RyuuJinLee,Canada,"Happy Third Anniversary Tokino Sora! To think how far you have come, paving the way to your juniors is really inspiring. I look forward to another year with you! Congrats!",,ä¸‰å‘¨å¹´ãŠã‚ã§ã¨ã†ã”ã–ã„ã¾ã™ï¼ã“ã®ä¸‰å¹´é–“ãã‚‰ã¯è‰²ã€…ãªã“ã¨ãŒå‡ºæ¥ã¦ã€å¾Œè¼©ã®ã¿ã‚“ãªã‚’è¦‹å®ˆã£ã¦ã€ã¨ã¦ã‚‚ç´ æ•µãªã“ã¨ã¨æ€ã„ã¾ã™ï¼ã“ã‚Œã‹ã‚‰ã‚‚ã‚ˆã‚ã—ããŠé¡˜ã„ã—ã¾ã™ã€‚,,
9/1/2020 22:55:58,ã»ã›,,Japan,"ãã‚‰ã¡ã‚ƒã‚“3å‘¨å¹´ãŠã‚ã§ã¨ã†ã”ã–ã„ã¾ã™ã€‚
ãã‚‰ã¡ã‚ƒã‚“ã‚’çŸ¥ã£ãŸã®ã¯ä»Šå¹´ã«å…¥ã£ã¦ã‹ã‚‰ã§ã—ãŸãŒã€ã‚¢ãƒ¼ã‚«ã‚¤ãƒ–ã‚’è¿½ã£ã¦ã„ãã«ã¤ã‚Œã¦å¤¢ã«å‘ã‹ã£ã¦ã²ãŸã‚€ãã«é ‘å¼µã‚‹å§¿ã«å¿ƒæ‰“ãŸã‚Œã¾ã—ãŸã€‚
ãã‚‰ã¨ã‚‚ã¨ã—ã¦ã¯ã¾ã ã¾ã æ–°å‚ã§ã™ãŒã€å¤¢ã®å¶ã†ãã®æ™‚ã¾ã§å¿œæ´ã—ã¦ã„ããŸã„ã¨æ€ã„ã¾ã™!
ã“ã‚Œã‹ã‚‰ã‚‚é ‘å¼µã£ã¦ä¸‹ã•ã„!(à¹‘â•¹á†ºâ•¹)",,,,
9/1/2020 22:57:43,Moses Imanuel Salim,moses_08,Indonesia,Congratz on 3 year anniversary. Always love  your voice. Please stream more often. Thank you for being with us for this 3 year. Looking forward for the future :),,ä¸‰å‘¨å¹´ãŠã‚ã§ã¨ã†ã€‚ãã‚‰ã®å£°ãŒå¤§å¥½ãã€‚ã‚‚ã£ã¨é…ä¿¡ã—ã¦ãã ã•ã„ã€‚ï¼“å¹´é–“ã‚‚ä»˜ãåˆã£ã¦ãã‚Œã¦ã‚ã‚ŠãŒã¨ã†ã€‚ã“ã‚Œã‹ã‚‰ã‚‚ã‚ˆã‚ã—ãï¼:),,
9/2/2020 0:26:17,æ‚ æ°´,@yumi_soratomo,Japan,"ãã‚‰ã¡ã‚ƒã‚“ã€æ´»å‹•é–‹å§‹ã‹ã‚‰3å‘¨å¹´æœ¬å½“ã«ãŠã‚ã§ã¨ã†ã”ã–ã„ã¾ã™ï¼
ã“ã®ä¸€å¹´ã¯æœ¬å½“ã«è‰²ã€…ãªã“ã¨ãŒã‚ã‚Šã¾ã—ãŸã­ï¼å¿µé¡˜ã®ãƒ¯ãƒ³ãƒãƒ³ãƒ©ã‚¤ãƒ–ã€ŒDream!ã€ã‚„ã€ŒNSSã€ãªã©ãŸãã•ã‚“ã®ãƒ©ã‚¤ãƒ–å‡ºæ¼”ã«åŠ ãˆã€åˆã®ãƒŸãƒ‹ã‚¢ãƒ«ãƒãƒ ãƒ»å†™çœŸé›†ç™ºå£²ãªã©ã€ã‚ˆã‚Šã‚¢ã‚¤ãƒ‰ãƒ«ã‚‰ã—ãå¤§ããæˆé•·ã•ã‚ŒãŸ1å¹´ã ã£ãŸã‹ã¨æ€ã„ã¾ã™ã€‚
4å¹´ç›®ã®ãã‚‰ã¡ã‚ƒã‚“ãŒä¸€ä½“ã©ã‚“ãªæ´»èºã‚’ã•ã‚Œã‚‹ã®ã‹ã€ä»Šã‹ã‚‰ã¨ã¦ã‚‚æ¥½ã—ã¿ã§ãƒ¯ã‚¯ãƒ¯ã‚¯ã§ã™(à¹‘â•¹á†ºâ•¹)
ã“ã‚Œã‹ã‚‰ã‚‚å¿œæ´ã—ç¶šã‘ã¾ã™ã­ï¼ï¼",,,,
9/2/2020 3:10:13,Vadur,OnVadur,Philippines,Happy 3rd Anniversary Sora! Thank you for your hard work and  for making us happy always!,,ä¸‰å‘¨å¹´ãŠã‚ã§ã¨ã†ã”ã–ã„ã¾ã™ã€ãã‚‰ï¼ã„ã¤ã‚‚é ‘å¼µã£ã¦ã„ã¦çš†ã•ã‚“ã‚’å¹¸ã›ã—ã¦ãã‚Œã¦ã‚ã‚ŠãŒã¨ã†ã”ã–ã„ã¾ã™ï¼,,
9/2/2020 5:15:06,ãã©ã‹ã©ã‹ã‚‰ã­ã“,kido_kado,Japan,ãã‚‰ã¡ã‚ƒã‚“3å‘¨å¹´ãŠã‚ã§ã¨ã†ï¼è‡ªåˆ†ã¯ç—…æ°—ç­‰ã‚ã£ã¦è‰²ã€…å¤¢ãªã©ã‚ãã‚‰ã‚ã‚‹ãªã©æ­¢ã¾ã£ã¦ã„ã¾ã—ãŸãŒã€ãã‚‰ã¡ã‚ƒã‚“ã‚’è¦‹å§‹ã‚ã¦ã€å¤¢ã‚’æŒã£ã¦åŠªåŠ›ã™ã‚‹å§¿ã‚’è¦‹ã¦ã€è‡ªåˆ†ã‚‚ã‚‚ã†ä¸€åº¦é ‘å¼µã‚ã†ã¨æ€ã„ã€ã‚²ãƒ¼ãƒ ã‚„å‹•ç”»ã®åˆ¶ä½œãªã©æ–°ãŸã«å§‹ã‚ã‚‹ã“ã¨ãŒå‡ºæ¥ã¾ã—ãŸã€‚æ­Œã‚‚ã©ã‚“ã©ã‚“ä¸Šæ‰‹ããªã£ã¦ã‚‹ã—ã€è‰²ã€…ãªã“ã¨ã«æŒ‘æˆ¦ã—ã¦æˆé•·ã—ã¦ã‚‹ã—ãƒ›ãƒ³ãƒˆã«ã™ã”ã„ã§ã™ã€‚çµ¶å¯¾ã«å¤¢ã‚’ã‹ãªãˆã¦ã»ã—ã„ã§ã™ï¼ã“ã‚Œã‹ã‚‰ã‚‚æ­¢ã¾ã‚‰ãªã„ã§é ‘å¼µã£ã¦ãã ã•ã„ã€‚ãšã£ã¨å¿œæ´ã—ã¦ã„ã¾ã™ï¼,,,,
9/2/2020 16:11:16,èŠ±é«˜ æ–,hanataka_joe,Japan,"ãã‚‰ã¡ã‚ƒã‚“ã€æ´»å‹•é–‹å§‹ã‹ã‚‰3å‘¨å¹´èª ã«ãŠã‚ã§ã¨ã†ã”ã–ã„ã¾ã™ï¼
ã“ã®1å¹´ã¯Dream!ãªã©ã‚ˆã‚Šå¤§ããªé£›èºã¨å¤‰åŒ–ã®å¹´ã ã£ãŸã®ã§ã¯ãªã„ã‹ã¨æ€ã„ã¾ã™ã€‚
ã“ã‚Œã‹ã‚‰ã‚‚ãã‚‰ã¡ã‚ƒã‚“ã®ãƒšãƒ¼ã‚¹ã§ã€ã‚†ã£ãã‚Šèµ°ã£ã¦ã„ã£ã¦ãã ã•ã„ã­ï¼
ã•ã•ã‚„ã‹ãªãŒã‚‰ã‚‚å¿œæ´ã—ã¦ã„ã¾ã™ã€‚",,,,
9/2/2020 19:26:17,Ibaraki,w32ibaraki,Indonesia,"I believe in the hard work you put in. I believe in you and in the dream you see. I truly believe that you will, one day, stand on the stage of Yokohama Arena. Happy 3 year anniversary, Tokino Sora!",,ç§ã¯åŠªåŠ›ã‚’ä¿¡ã˜ã¦ã„ã‚‹ã€‚ãã‚‰ã¨ãã‚‰ã®å¤¢ã‚’ä¿¡ã˜ã¦ã„ã‚‹ã€‚ãã‚‰ã¯ã„ã¤ã‹æ¨ªæµœã‚¢ãƒªãƒ¼ãƒŠã®ã‚¹ãƒ†ãƒ¼ã‚¸ã«ç«‹ã£ã¦ã„ã‚‹ã‚’ä¿¡ã˜ã‚‹ã€‚ä¸‰å‘¨å¹´ãŠã‚ã§ã¨ã†ã”ã–ã„ã¾ã™ã€ã¨ãã®ãã‚‰ï¼,,
9/2/2020 19:35:23,Juan,,United-States,"Happy third anniversary, Tokino Sora! I use to be a lazy bum but then I started to watch you,  then I wanted to support you so I got a job to donate! Thank you for helping me get my life together!",,ä¸‰å‘¨å¹´ãŠã‚ã§ã¨ã†ã”ã–ã„ã¾ã™ã€ã¨ãã®ãã‚‰ï¼ãã‚‰ã«å‡ºä¼šã£ã¦å‰ç§ã¯ã‚„ãã«ç«‹ãŸãªã„ã‚„ã¤ã§ã™ã‘ã©ãã‚‰ã‚’ã‚µãƒãƒ¼ãƒˆã™ã‚‹ç‚ºã«ä»•äº‹ã‚’æ¢ã—ã¾ã—ãŸï¼ãŠé™°æ§˜ã§ç«‹ã¡ç›´ã‚Šã¾ã—ãŸï¼,,
9/3/2020 3:56:12,Tofu,bestest_tofu,Thailand,"à¸‚à¸­à¸‚à¸­à¸šà¸„à¸¸à¸“ à¸„à¸¸à¸“à¹‚à¸‹à¸£à¸°à¸—à¸µà¹ˆà¸„à¸­à¸¢à¹ƒà¸«à¹‰à¸à¸³à¸¥à¸±à¸‡à¹ƒà¸ˆà¸œà¸¹à¹‰à¸Šà¸¡à¸­à¸¢à¹ˆà¸²à¸‡à¸œà¸¡à¸¡à¸²à¸•à¸¥à¸­à¸” 
à¸„à¸¸à¸“à¹€à¸›à¹‡à¸™à¸”à¸±à¹ˆà¸‡à¸”à¸§à¸‡à¸”à¸²à¸§à¸—à¸µà¹ˆà¸„à¸­à¸¢à¸™à¸³à¸—à¸²à¸‡à¸œà¸¡à¹ƒà¸™à¸¢à¸²à¸¡à¸„à¹ˆà¸³à¸„à¸·à¸™
à¸‚à¸­à¹ƒà¸«à¹‰à¸¡à¸µà¸„à¸§à¸²à¸¡à¸ªà¸¸à¸‚à¸¡à¸²à¸à¹† à¸¡à¸²à¸à¸à¸§à¹ˆà¸²à¸—à¸µà¹ˆà¸„à¸¸à¸“à¹ƒà¸«à¹‰à¸œà¸¡à¸¡à¸²  
à¸¢à¸´à¸™à¸”à¸µà¸ªà¸³à¸«à¸£à¸±à¸š 3 à¸›à¸µ à¹‚à¸—à¸„à¸´à¹‚à¸™à¸° à¹‚à¸‹à¸£à¸°","Thank you Sora for always cheering me. You're the star to guides me in the night.
I wish your day is filled with lots of happiness more than you gave me.
Congratulations for 3 years, Tokino Sora.
",ãã‚‰ã€ã„ã¤ã‚‚ç§ã‚’å¿œæ´ã—ã¦ãã‚Œã¦ã‚ã‚ŠãŒã¨ã†ã”ã–ã„ã¾ã™ã€‚ãã‚‰ã¯å¤œã‚’å°ã„ã¦ã„ã‚‹æ˜Ÿã§ã™ã€‚ãã‚‰ã®æ—¥ã€…ã«ç¥ç¦ã¯ç§ã«ãã‚ŒãŸåˆ†ã‚ˆã‚Šã«ãªã‚Šã¾ã™ã‚ˆã†ã«ã€‚ä¸‰å‘¨å¹´ãŠã‚ã§ã¨ã†ã”ã–ã„ã¾ã™ã€‚,,
9/3/2020 7:56:33,ã‹ã£ã±ã®ã²ã‚Œ,kappahire,Japan,"ãã‚‰ã¡ã‚ƒã‚“ãƒ‡ãƒ“ãƒ¥ãƒ¼3å‘¨å¹´ãŠã‚ã§ã¨ã†ã”ã–ã„ã¾ã™ï¼ï¼
ã“ã®ï¼“å¹´ã§ã„ã‚ã‚“ãªæ´»å‹•ã‚’é€šã˜ã¦ã€ã©ã‚“ã©ã‚“æˆé•·ã—ã¦ã„ããã‚‰ã¡ã‚ƒã‚“ãŒæœ¬å½“ã«ã‹ã£ã“ã‚ˆãã¦ã€ã™ã”ãå°Šæ•¬ã—ã¦ã„ã¾ã™ã€‚
ï¼“å¹´å‰ã«ä¸€æ­©è¸ã¿å‡ºã—ã¦ãã‚Œã¦ã€ä»Šã¾ã§ãšã£ã¨æ´»å‹•ã‚’ç¶šã‘ã¦ãã‚Œã¦ã€æœ¬å½“ã«ã‚ã‚ŠãŒã¨ã†ã”ã–ã„ã¾ã™ã€‚
ã“ã‚Œã‹ã‚‰ã‚‚å¤¢ã«å‘ã‹ã£ã¦ã‚†ã£ãã‚Šèµ°ã£ã¦ã„ããã‚‰ã¡ã‚ƒã‚“ã‚’ãšã£ã¨å¿œæ´ã—ã¦ã„ã¾ã™ï¼æœ¬å½“ã«ãŠã‚ã§ã¨ã†ã”ã–ã„ã¾ã™ï¼",,,,
9/3/2020 8:59:44,ã©ã‚‰ã©ã‚‰Ã—ï¼’,ï¼ ekakimikan0105,Japan,ãã‚‰ã¡ã‚ƒã‚“æ´»å‹•ï¼“å‘¨å¹´ãŠã‚ã§ã¨ã†ã”ã–ã„ã¾ã™ï¼ï¼ãã‚‰ã¡ã‚ƒã‚“ã‚’æ¨ã—å§‹ã‚ã¦ã‚‚ã†ï¼’å¹´ãŒçµŒã¡ã¾ã™ã€åˆæœŸã®ã“ã‚ã¨è¦‹æ¯”ã¹ã‚‹ã¨ä¿¡ã˜ã‚‰ã‚Œãªã„ãã‚‰ã„å¤§ãã„å­˜åœ¨ã«ãªã£ã¦å‡„ãå¬‰ã—ãæ€ã„ã¾ã™ã€‚ãƒ¡ã‚¸ãƒ£ãƒ¼ãƒ‡ãƒ“ãƒ¥ãƒ¼ã—ã¦ã€å˜ç‹¬ãƒ©ã‚¤ãƒ–ã—ã¦ã€2ndã‚¢ãƒ«ãƒãƒ ã¾ã§ç™ºå£²æ±ºå®šã—ã¦ã€è‡ªåˆ†ã®ã“ã¨ã®ã‚ˆã†ã«å¬‰ã—ãã¦å¹¸ã›ã§ã™ã€‚ãã‚‰ã¡ã‚ƒã‚“ã®ä»Šå¾Œã®ã”æ´»èºã‚’ãŠç¥ˆã‚Šã„ãŸã—ã¾ã™ã€‚ç›®æŒ‡ã›æ¨ªã‚¢ãƒªï¼,,,,
9/3/2020 9:28:26,TheDinoflagellate,xDinoflagellate,Canada,Happy 3rd year anniversary! Thanks for all your hard work. I'll be cheering for you. ,,ï¼“å‘¨å¹´ãŠã‚ã§ã¨ã†ã”ã–ã„ã¾ã™ï¼é ‘å¼µã£ã¦ãã‚Œã¦ã‚ã‚ŠãŒã¨ã†ã”ãŠã–ã„ã¾ã™ã€‚ã“ã‚Œã‹ã‚‰ã‚‚å¿œæ´ã—ã¾ã™ã€‚,,
9/3/2020 11:50:52,Xela,Xeladakilla,United-States,Congrats on 3 years Sora! I really love your singing and you are really fun to watch! I can't wait for another year with you!,,ä¸‰å‘¨å¹´ãŠã‚ã§ã¨ã†ã”ã–ã„ã¾ã™ï¼ãã‚‰ã®æ­Œå£°ã¨ç”Ÿæ”¾é€ã¯ã¨ã¦ã‚‚ç´ æ™´ã‚‰ã—ã„ã§ã™ï¼ã“ã‚Œã‹ã‚‰ã®ãã‚‰ã‚’æ¥½ã—ã¿ã«ã—ã¦ã„ã¾ã™ï¼,,
9/3/2020 22:32:36,Inorganic Lifeform,,Indonesia,Thank you for all of your hard work all this time. Everyone else won't be here without you.,,ã„ã¤ã‚‚é ‘å¼µã£ã¦ã¦ã‚ã‚ŠãŒã¨ã†ã”ã–ã„ã¾ã™ã€‚ãã‚‰ãŒã„ãªã„ã¨çš†ã‚‚ã„ãªã„ã‹ã‚‰ã€‚,,
9/3/2020 23:05:01,ã›ã‚“ã›ã‚“,,Indonesia,3å‘¨å¹´è¨˜å¿µãŠã‚ã§ã¨ã”ã–ã„ã¾ã™ã€‚æ¥å¹´ã¾ã§å¿œæ´ã—ã¦ã„ã¾ã™ã€ãã—ã¦ã¾ãŸæ¥å¹´æ”¹ã‚ã¦å¿œæ´ã—ã¦ã„ã¾ã™ã€ãã—ã¦ãã®æ¥æ¥å¹´ã‚‚ã€ã“ã‚Œã‹ã‚‰å…ˆãšã£ã¨å¿œæ´ã—ã¦ã„ã¾ã™é ‘å¼µã£ã¦ãã ã•ã„ï¼,,,,
9/3/2020 23:40:38,Ar.Z,,Philippines,"Congratulations for 3 years of hard work as well as an inspiration that being normal is the best 

I hope that you don't stop until you reach your dream of a solo concert to yokohama arena.",,"ä¸‰å¹´é–“é ‘å¼µã£ã¦ã¦ãŠã‚ã§ã¨ã†ã”ã–ã„ã¾ã™ã€‚çš†ã«ã‚¤ãƒ¼ãƒ³ã‚¹ãƒ”ãƒ¬ãƒ¼ã‚·ãƒ§ãƒ³ãã—ã¦æ™®é€šã®ã‚¢ã‚¤ãƒ‰ãƒ«ãŒãƒ™ã‚¹ãƒˆã‚’è¦‹ã›ã¦ãã‚Œã¦ã‚ã‚ŠãŒã¨ã†ã”ã–ã„ã¾ã™ã€‚

æ¨ªæµœã‚¢ãƒªãƒ¼ãƒŠã§ãƒ¯ãƒ³ãƒãƒ³ãƒ©ã‚¤ãƒ–ã®å¤¢ã‚’å¶ãˆã‚‹ã¾ã§é ‘å¼µã£ã¦ãã ã•ã„ã€‚",,
9/3/2020 23:50:55,Apai,khairi_apa,Malaysia,Happy 3rd Anniversary Sora-san! Here's to another great year ahead of you. Cheers! (à¹‘â•¹á†ºâ•¹),,ä¸‰å‘¨å¹´ãŠã‚ã§ã¨ã†ã”ã–ã„ã¾ã™ï¼ãã‚‰ã®å››å‘¨å¹´ã‚‚æ¥½ã—ã¿ã«ã—ã¦ã„ã¾ã™ï¼,,
9/4/2020 0:02:31,Kyoto Kiranami,Kyoto_white ,Malaysia,Happy 3rd year anniversary! Thanks for your hardwork and your determination to never give up and bring Hololive to the world.I'm looking foward to see more of your content on your 4th year.,,ä¸‰å‘¨å¹´ãŠã‚ã§ã¨ã†ã”ã–ã„ã¾ã™ï¼å‹•åŠ›ã¨è«¦ã‚ãªã„æ„å¿—ã‚’ãƒ›ãƒ­ãƒ©ã‚¤ãƒ–ã¨ä¸–ç•Œä¸­ã®çš†ã•ã‚“ã«è¦‹ã›ãã‚Œã¦ã‚ã‚ŠãŒã¨ã†ã”ã–ã„ã¾ã™ã€‚ä»Šå¹´ã‚‚ãã‚‰ã®å‹•ç”»ã‚’æ¥½ã—ã¿ã«å¾…ã£ã¦ã¾ã™ã€‚,,
9/4/2020 0:09:01,Ariel S,@Saint02A,United-States,"Happy 3rd anniversary Sora I hope it's going great so far, thank you for all everything you've done for Hololive, the original songs, the covers, the streams, the collabs. Thank you again",,ãã‚‰ã€ä¸‰å‘¨å¹´ãŠã‚ã§ã¨ã†ã”ã–ã„ã¾ã™ã€‚å…ƒæ°—ã§ã™ã‹ï¼Ÿä»Šã¾ã§ãƒ›ãƒ­ãƒ©ã‚¤ãƒ–ã®æ´»å‹•ã€ã‚ªãƒªã‚¸ãƒŠãƒ«æ›²ã€ã‚«ãƒãƒ¼ã€é…ä¿¡ã€ã‚³ãƒ©ãƒœã‚’æ„Ÿè¬ã—ã¾ã™ã€‚ã‚ãŸã‚‰ã‚ã¦ã€ã‚ã‚ŠãŒã¨ã†ã”ã–ã„ã¾ã™ã€‚,,
9/4/2020 0:53:07,Enrico S. Rebucas,,Philippines,"Hi, Sora-san, I wish you good luck for your future endeavors, I hope we get to see you feeling well and happy everyday, and we will support you along the way. HAPPY 3RD ANNIVERSARY!!!!!",,ã“ã‚“ã°ã‚“ã¯ã€ãã‚‰ã•ã‚“ã€‚ã“ã‚Œã‹ã‚‰ã®æ´»å‹•ã®å¹¸é‹ã‚’ç¥ˆã‚Šã¾ã™ã€‚ãã—ã¦æ¯æ—¥å…ƒæ°—ã§ä½•ã‚ˆã‚Šã§ã™ã€‚çš†ã¯å¿œæ´ã—ã¾ã™ã‹ã‚‰ã€‚ä¸‰å‘¨å¹´ãŠã‚ã§ã¨ã†ã”ã–ã„ã¾ã™ï¼ï¼ï¼ï¼ï¼,,
9/4/2020 0:57:44,Cavel,caveltrust,Indonesia,"Hello sora,greetings from indonesia im here to thank you for bringing smile to my face every day. I'm not really good with words so that's all i'm going to say.congrats for 3rd anniversary Ê• â€¢Ì€ Ï‰ â€¢Ì Ê”",,ã‚¤ãƒ³ãƒ‰ãƒã‚·ã‚¢ã‹ã‚‰ã“ã‚“ãã‚ãƒ¼ã€ãã‚‰ã•ã‚“ï¼æ¯æ—¥ç¬‘é¡”ã‚’ãã‚Œã¦ã‚ã‚ŠãŒã¨ã†ã€‚è¨€è‘‰ã«ã™ã‚‹ã®ã¯è‹¦æ‰‹ã ã‹ã‚‰ã€ä»¥ä¸Šã§ã™ï¼ä¸‰å‘¨å¹´ãŠã‚ã§ã¨ã†ï¼Ê• â€¢Ì€ Ï‰ â€¢Ì Ê”,,
9/4/2020 2:01:28,Steven,Exploshe,United-States,Congratulations on your 3 year anniversary Sora! Let's make this year the best one yet!,,3å‘¨å¹´ãŠã‚ã§ã¨ã†ã”ã–ã„ã¾ã™ã€ãã‚‰ã¡ã‚ƒã‚“ï¼ä»Šå¹´ã‚‚æœ€é«˜ã®ä¸€å¹´ã«ã—ã¾ã—ã‚‡ã†ã­ï¼,,
9/4/2020 2:53:06,Bryan James,,Philippines,Hello Sora Chan! (â— â€¿â—•) Congrats on your 3rd year anniversary !! It's fun watching your streams and listening to your songs. I wish you a more bountiful year and more blessings. I love you! <3,,ãã‚‰ã¡ã‚ƒã‚“ã“ã‚“ã«ã¡ã¯(â— â€¿â—•) ã€‚ä¸‰å‘¨å¹´ãŠã‚ã§ã¨ã†ã€‚é…ä¿¡ã‚’è¦‹ã‚‹ã¨æ›²ã‚’èãã¨æ¥½ã—ã„ã‚ˆã€‚ä»Šå¹´ã‚‚ç¥ç¦ã‚’ã€‚å¤§å¥½ãï¼<3,,
9/4/2020 3:27:04,ã‚‹ã“ã‚“,ï¼ sky98778,Taiwan,"ãã‚‰ã¡ã‚ƒã‚“ï¼ï¼3å‘¨å¹´ãŠã‚ã§ã¨ã†ã”ã–ã„ã¾ã™ï¼ï¼ï¼ï¼ï¼
ã“ã‚Œã‹ã‚‰ã‚‚å¿œæ´ã—ã¦ã¾ã™ï¼ï¼ï¼",,,,
9/4/2020 3:30:35,Epulz,,Malaysia,"Hello Sora-sama, I just want say congrats for 3rd anniversary. You been the first VTuber I watch before the other VTuber. I always hope that you always been happy and always been fun. ",,ãã‚‰æ§˜ã“ã‚“ã«ã¡ã¯ã€‚ä¸‰å‘¨å¹´ãŠã‚ã§ã¨ã†ã”ã–ã„ã¾ã™ã€‚åˆã‚ã¦ã®ãƒ–ã‚£ãƒãƒ¥ãƒ¼ãƒãƒ¼ã®æ‹è¦‹ã¯ãã‚‰æ§˜ã§ã—ãŸã€‚ä»Šã¾ã§ã‚‚ã“ã‚Œã‹ã‚‰ã‚‚ã„ã¤ã‚‚æ¥½ã—ã„ã¿ã‚’ã€‚,,
9/4/2020 3:53:03,ã‚«ãƒ¼ãã‚“ Restia ãƒ¬ã‚¹ãƒ†ã‚£ã‚¢,10sai15,Singapore,ä¸‰å‘¨å¹´ãŠã‚ã§ã¨ã†ï¼ãšã£ã¨å¿œæ´ã—ã¾ã™ï¼,,,,
9/4/2020 4:17:15,Hadrian Mazo,,Philippines,"I have only been a new supporter of Hololive but, in these short time I have found out how big you've helped everyone and Hololive as a whole. Thank you for all your effort and hope you have more fun.",,ã¾ã åˆå¿ƒè€…ã§ã™ã‘ã‚Œã©ã‚‚ã€ã“ã®çŸ­ã„é–“ã«ãã‚‰ã•ã‚“ã¯ãƒ›ãƒ­ãƒ©ã‚¤ãƒ–ã«ã¨ã£ã¦å¤§ããªå­˜åœ¨ãŒåˆ†ã‹ã£ã¦ã„ã¾ã™ã€‚ä»Šã¾ã§ã®å‹•åŠ›ã‚ã‚ŠãŒã¨ã†ã”ã–ã„ã¾ã™ã€‚ãã—ã¦ã“ã‚Œã‹ã‚‰ã¯ã‚‚ã£ã¨æ¥½ã—ã„ã‚“ã§è¡Œãã¾ã—ã‚‡ã†ã€‚,,
9/4/2020 4:19:17,Wawawhoawhoa,,Malaysia,ã‚ãªãŸã¯ç´ æ™´ã‚‰ã—ã„,,,,
9/4/2020 5:09:43,Friend-AD,,Malaysia,I'll be rooting for your idol career as long as I can. Please stay sing a lot of songs and stay cute!,,ãã‚‰ã•ã‚“ã®ã‚¢ã‚¤ãƒ‰ãƒ«æ´»å‹•ã‚’ä¸€ç”Ÿæ‡¸å‘½ã«å¿œæ´ã—ã¾ã™ã€‚ã ã‹ã‚‰ä½•æ™‚ã‚‚ã®ã‚ˆã†ã«ãŸãã•ã‚“æ­Œã£ã¦ãã ã•ã„ã­ï¼ãã‚‰ã•ã‚“ã¯ã‹ã‚ã„ã„ï½ï¼ ,,
9/4/2020 5:57:06,Ozzytough,Ozzytough1,Indonesia,"Hello, I'm one of your fan from Indonesia, Happy 3rd anniversary. I've always enjoy your stream and song. I hope you have another good year.",,ã“ã‚“ã°ã‚“ã¯ã€ã‚¤ãƒ³ãƒ‰ãƒã‚·ã‚¢ã‹ã‚‰ã®ãƒ•ã‚¡ãƒ³ã§ã™ã€‚ä¸‰å‘¨å¹´ãŠã‚ã§ã¨ã†ã”ã–ã„ã¾ã™ã€‚ç§ã¯ä½•æ™‚ã‚‚é…ä¿¡ã¨æ›²ã‚’æ¥½ã—ãè¦‹ã¦ã„ã¾ã™ã€‚æ¥å¹´ã‚‚ã„ã„å¹´ã«ãªã‚Šã¾ã™ã‚ˆã†ã«ã€‚,,
9/4/2020 6:29:02,Orbz,Orbz25,Philippines,Happy 3rd Anniversary Tokino Sora-sama. We will always remember you as the Pioneer that started it all,,ä¸‰å‘¨å¹´ãŠã‚ã§ã¨ã†ã”ã–ã„ã¾ã™ã€ã¨ãã®ãã‚‰æ§˜ï¼ãã‚‰æ§˜ãŒä½œã‚Šä¸Šã’ãŸãƒ›ãƒ­ãƒ©ã‚¤ãƒ–ã‚’æ±ºã—ã¦å¿˜ã‚Œã¾ã›ã‚“ï¼,,
9/4/2020 6:48:54,Duong,,Vietnam,ChÃºc má»«ng ká»· niá»‡m 3 nÄƒm cá»§a Sora!,Congratulations on your 3rd anniversary Sora!,ä¸‰å‘¨å¹´ãŠã‚ã§ã¨ã†ã”ã–ã„ã¾ã™ï¼,,
9/4/2020 7:04:41,Adrien,Kamicandre,Singapore,"Tokino Sora -sama, OMEDETOU!!! Thank you for the 3 years and all the best to more years to come",,ã¨ãã®ãã‚‰æ§˜ãŠã‚ã§ã¨ã†ï¼ï¼ï¼ã“ã®ä¸‰å¹´é–“ã‚‚ã“ã®ã‚ã¨ã‚‚ã‚ˆã‚ã—ããŠã­ãŒã„ã—ã¾ã™ã€‚,,
9/4/2020 7:09:56,Tacticaldragon57,,Malaysia,"Happy 3rd Anniversary Sora! I really love your content, especially your beautiful singing voice! Here's to another 3 more years!",,ãã‚‰ä¸‰å‘¨å¹´ãŠã‚ã§ã¨ã†ã”ã–ã„ã¾ã™ï¼ãã‚‰ã®å‹•ç”»ã¨ãã«ãã‚‰ã®æ­Œå£°ãŒå¤§å¥½ãï¼æ¬¡ã®ä¸‰å¹´é–“ã‚‚ã‚ˆã‚ã—ããŠã­ãŒã„ã—ã¾ã™ï¼,,
9/4/2020 9:34:36,Owen,cluelessowain,Philippines,"Konsome, Sora-san! Happy 3-year anniversary!
I really love your vids. I hope you continue to be the hardworking girl we know and love, and please do take some rest whenever you need it~",,,,
9/4/2020 10:05:08,Rayce Farelle ,FarelleRayce,Indonesia,3å‘¨å¹´ãŠã‚ã§ã¨ã†ã”ã–ã„ã¾ã™ï¼ Congratulations on your 3rd Anniversary! I look forward to seeing you more! é ‘å¼µã£ã¦~,,,,
9/4/2020 16:43:49,Hakua,azurehakua,United-States,"Sora-chan! Happy 3rd anniversary! Thank you for everything, and I hope to continue to support you in everything you do!",,ãã‚‰ã¡ã‚ƒã‚“! 3å‘¨å¹´ãŠã‚ã§ã¨ã†ã”ã–ã„ã¾ã™! ä»Šã¾ã§ã‚ã‚ŠãŒã¨ã†ã”ã–ã„ã¾ã—ãŸï¼ã“ã‚Œã‹ã‚‰ã‚‚ä½•ãŒã‚ã£ã¦ã‚‚å¿œæ´ã—ã¦ã„ã¾ã™!,,
9/4/2020 17:02:29,Ben Kennedy,Ben_nanaKHP9,Malaysia,"Semoga kamu sentiasa diberkati dengan kedamaian dan kegembiraan, Sora. Selamat hari jadi.","May you always be blessed with peace and happiness, Sora. Have a very happy birthday.",ãã‚‰ã¯æ°¸é ã«ç¥ç¦ã¨å¹¸ã›ã«ãªã‚Šã¾ã™ã‚ˆã†ã«ã€‚ãŠã‚ã§ã¨ã†ã”ã–ã„ã¾ã™ã€‚,,
9/4/2020 20:54:28,æ°´æˆ¸ãƒåŠ©,Jomitomike,Taiwan,ãã‚‰ã¡ã‚ƒã‚“ä¸‰å‘¨å¹´ãŠã‚ã§ã¨ã†ã”ã–ã„ã¾ã™ï¼ï¼ã€€ç§ã¯ãã‚‰ã¡ã‚ƒã‚“ãŒãƒ‡ãƒ“ãƒ¥ãƒ¼æ•°ã‹æœˆã‹ã‚‰ãã‚‰ã¡ã‚ƒã‚“ã®ã“ã¨ã‚’çŸ¥ã£ã¦ã¾ã™ãŒã€ãã®æ™‚ã¯ãŸã¾ã«é…ä¿¡ã‚„æ­Œã¿ãŸã®å‹•ç”»ã‚’è¦‹ã‚‹ã ã‘ã§ã™ã€‚ã§ã‚‚ä»Šã¯ã‚¬ãƒã®ãã‚‰ã¨ã‚‚ã§ã™ï¼ãã‚‰ã¡ã‚ƒã‚“ã®çµ‚å§‹å¤‰ã‚ã‚‰ãªã„æ±ºå¿ƒã«ç§ã¯ã¨ã¦ã‚‚æ„Ÿå‹•ã§ã™ï¼ã“ã‚Œã‹ã‚‰ã‚‚å¿œæ´ã—ã¾ã™ï¼å°æ¹¾ã«ã„ã‚‹ã‘ã©æ¬¡ã®ãƒ©ã‚¤ãƒ–çµ¶å¯¾å‚åŠ ã—ãŸã„ã§ã™ï¼ï¼ã»ã‚“ã¨ã†ã«ãŠã‚ã§ã¨ã†ï¼ï¼ãã‚‰ã¡ã‚ƒã‚“å¤§å¥½ãï¼,,,,
9/4/2020 21:18:29,Kurono,Kagayaki_Kurono,Japan,ãã‚‰å…ˆè¼©ï¼3å‘¨å¹´ãŠã‚ã§ã¨ã†ã”ã–ã„ã¾ã™ï¼ï¼çš†ãŒã‚ãªãŸã®ã‚¹ãƒˆãƒªãƒ¼ãƒ ã«æº€è¶³ã—ã¦ã„ãŸã ãã‚ã‚ŠãŒã¨ã†ã”ã–ã„ã¾ã™~,,,,
9/5/2020 0:33:12,ã¾ã‚‹ã§ãªã‚ãã˜,_LELT_,Japan,3å‘¨å¹´ãŠã‚ã§ã¨ã†ã”ã–ã„ã¾ã™ï¼ï¼ï¼3å¹´ç›®ã¯ãƒ¯ãƒ³ãƒãƒ³ãƒ©ã‚¤ãƒ–ã«å§‹ã¾ã‚Šã€å†™çœŸé›†ãƒ»ãƒŸãƒ‹ã‚¢ãƒ«ãƒãƒ ç™ºå£²ã‚„å››æœˆä¸€æ—¥ã•ã‚“å®¶ãªã©ã€ã¿ã‚“ãªã‚’å…ƒæ°—ã«ã™ã‚‹ã‚¢ã‚¤ãƒ‰ãƒ«ã¨ã—ã¦ã®ãã‚‰ã¡ã‚ƒã‚“ã‚’ãŸãã•ã‚“è¦‹ã‚‹ã“ã¨ãŒã§ããŸå……å®Ÿã—ãŸä¸€å¹´ã§ã—ãŸã€‚ã©ã®ã‚¤ãƒ™ãƒ³ãƒˆã‚„é…ä¿¡ã§ã‚‚å…ƒæ°—ã‚’ã‚‚ã‚‰ã£ã¦ã„ã¾ã™ã€‚4å¹´ç›®ã‚‚å¹¸ã›ãªä¸€å¹´ã«ãªã‚Šã¾ã™ã‚ˆã†ï¼,,,,
9/5/2020 0:33:45,ã‹ã‚ãªãƒ¼ã‚‹,calonal1006,Japan,"ã¨ãã®ãã‚‰ã¡ã‚ƒã‚“ï¼æ´»å‹•ä¸‰å‘¨å¹´ãŠã‚ã§ã¨ã†ã”ã–ã„ã¾ã™ï¼ï¼
ã“ã®3å¹´é–“ã€ãƒ©ã‚¤ãƒ–ã‚„ã‚¤ãƒ™ãƒ³ãƒˆã®å¸ä¼šã‚„CDãƒ‡ãƒ“ãƒ¥ãƒ¼ã€æ²¢å±±ãªã“ã¨ãŒã‚ã‚Šã¾ã—ãŸã­ã€‚ãã®ä¸€æ­©ä¸€æ­©ã‚’è¸ã¿ã—ã‚ã¦é€²ã‚€ãã‚‰ã¡ã‚ƒã‚“ã‚’å¿œæ´ã—ã¦ã“ã†ã—ã¦3å‘¨å¹´ã‚’ãŠç¥ã„å‡ºæ¥ã‚‹äº‹ã«ã€ã¨ã¦ã‚‚ã†ã‚Œã—ãæ€ã„ã¾ã™ã€‚ã“ã‚Œã‹ã‚‰ã®4å¹´ç›®ã®ã¨ãã®ãã‚‰ã¨ã—ã¦æ­©ã‚€ãã‚‰ã¡ã‚ƒã‚“ã‚’å¼•ãç¶šãå¿œæ´ã—ç¶šã‘ãŸã„ãªã£ã¦æ€ã„ã¾ã™ï¼ï¼
ã“ã‚Œã‹ã‚‰ã‚‚æ­¢ã¾ã‚‹ã‚“ã˜ã‚ƒã­ã‡ãï¼ï¼ï¼",,,,
9/5/2020 1:12:47,æµ·æœˆã‚·ãƒ­ã‚¦,seeliecourt_k,Japan,"ãã‚‰ã¡ã‚ƒã‚“ï¼3å‘¨å¹´æœ¬å½“ã«ãŠã‚ã§ã¨ã†ï¼ï¼ï¼
ãã‚‰ã¡ã‚ƒã‚“ï¼ã„ã¤ã‚‚æœ¬å½“ã«ã‚ã‚ŠãŒã¨ã†ï¼ï¼ï¼
ãã‚‰ã¡ã‚ƒã‚“ã®ãŠã‹ã’ã§ã€æ¯æ—¥ãŒæœ¬å½“ã«æ¥½ã—ã„ã“ã¨ã§æº¢ã‚Œã‚‹ã‚ˆã†ã«ãªã‚Šã¾ã—ãŸï¼ï¼
å¤§å¥½ãã ãƒ¼ãƒ¼ãƒ¼ãƒ¼ãƒ¼ï¼ï¼ï¼ï¼ï¼ï¼ï¼
ãã‚‰ã¡ã‚ƒã‚“ã®ã‚„ã‚ŠãŸã„ã“ã¨ã€å¤¢ã‚’å¿œæ´ã—ã¦ã¾ã™ï¼ï¼ï¼ï¼ï¼
æ¨ªã‚¢ãƒªç›®æŒ‡ã—ã¦ã€æ­¢ã¾ã‚‹ã‚“ã˜ã‚ƒã­ã‡ãï¼ï¼ï¼ï¼ï¼",,,,
9/5/2020 1:30:10,æŠ¹èŒ¶å‘³,@tarbo_nine,Japan,ãã‚‰ã¡ã‚ƒã‚“ï¼æ´»å‹•3å‘¨å¹´ãŠã‚ã§ã¨ã†ã”ã–ã„ã¾ã™ï¼ãã‚‰ã¡ã‚ƒã‚“ãŒãšã£ã¨é ‘å¼µã£ã¦ããŸçµæœã€è‰²ã‚“ãªå›½ã®ãã‚‰ã¨ã‚‚ã•ã‚“ãŒå¢—ãˆã¾ã—ãŸã­ï¼ä¸–ç•Œã®ã¨ãã®ãã‚‰ã«ãªã‚‹ã¾ã§ã‚†ã£ãã‚Šèµ°ã£ã¦ã„ãã¾ã—ã‚‡ã†ï¼,,,,
9/5/2020 1:58:35,m!ka,mikakuchito,Japan,"ãã‚‰ã¡ã‚ƒã‚“ï¼3å‘¨å¹´ãŠã‚ã§ã¨ã†ã”ã–ã„ã¾ã™ï¼
ãƒ›ãƒ­ãƒ©ã‚¤ãƒ–ãŒäº‹å‹™æ‰€ã«ãªã£ã¦ã€äºŒäººã¨ä¸€åŒ¹ï¼Ÿã ã£ãŸãã‚‰ã¡ã‚ƒã‚“ã«ã„ã£ã±ã„ã®ä»²é–“ãŒã§ãã¦ã€ãã‚‰ã¡ã‚ƒã‚“ãŒä»²é–“ã¨ã¨ã‚‚ã«æ¥½ã—ãã†ã«ã—ã¦ã„ã¦ãã‚‰ã¨ã‚‚ã¨ã—ã¦æœ¬å½“ã«å¬‰ã—ã„ã§ã™ã€‚
3å¹´ç›®ã¯My LovingãŒç™ºå£²ã•ã‚Œå¤§ããªä¸€å¹´ã ã£ãŸã¨æ€ã†ã®ã§ã™ãŒã€4å¹´ç›®ã‚‚ãã‚‰ã¡ã‚ƒã‚“ã«ã¨ã£ã¦èºé€²ã®ä¸€å¹´ã«ãªã‚‹ã“ã¨ã‚’é¡˜ã£ã¦ã„ã¾ã™ã€‚
ã¾ãŸã€æ„ŸæŸ“ç—‡ãŒãŠã•ã¾ã‚Œã°æ¨ªæµœã‚¢ãƒªãƒ¼ãƒŠã§ãã‚‰ã¡ã‚ƒã‚“ã®æ­Œã‚’è´ããŸã„ã§ã™ã€‚",,,,
9/5/2020 3:02:14,kamil,RangeXeno,Malaysia,Happy anniversary Sora-sama! I discovered you from the Hololive x Azur Lane collaboration and have been with you ever since. I rewatched your older videos too to get to know you better!,,ãã‚‰æ§˜ãŠã‚ã§ã¨ã†ã”ã–ã„ã¾ã™ï¼æœ€åˆãã‚‰æ§˜ã‚’çŸ¥ã£ã¦ã‚‹æ™‚ã¯ãƒ›ãƒ­ãƒ©ã‚¤ãƒ–ã¨ã‚¢ã‚ºãƒ¼ãƒ«ãƒ¬ãƒ¼ãƒ³ã®ã‚³ãƒ©ãƒœã‹ã‚‰ã€‚ãã‚Œã‹ã‚‰ãã‚‰æ§˜ã®ã“ã¨ã‚‚ã£ã¨çŸ¥ã‚‹ç‚ºã«é…ä¿¡ã¨ã‚¢ãƒ¼ã‚«ã‚¤ãƒ–ã‚’è¦‹ã¾ã—ãŸï¼,,
9/5/2020 3:11:49,Keally,@keally00,Japan,ãã‚‰ã¡ã‚ƒã‚“3å‘¨å¹´ãŠã‚ã§ã¨ã†ã”ã–ã„ã¾ã™ï¼ï¼ã“ã‚Œã‹ã‚‰ã‚‚é ‘å¼µã‚‹ãã‚‰ã¡ã‚ƒã‚“ã‚’å¿œæ´ã—ã¦ã„ãã¾ã™(*Â´ê’³`*),,,,
9/5/2020 3:23:25,Yuiop,,Japan,"ãã‚‰ã¡ã‚ƒã‚“3å‘¨å¹´ãŠã‚ã§ã¨ã†!!
ãã‚‰ã¡ã‚ƒã‚“ã®æ­Œã‚„é…ä¿¡è¦‹ã‚‹ã¨å…ƒæ°—ã«ãªã‚Œã¾ã™
ã“ã‚Œã‹ã‚‰ã‚‚4å‘¨å¹´ã€5å‘¨å¹´ã¨æ­¢ã¾ã‚‰ãªã„ã§èµ°ã‚Šç¶šã‘ã¦ãã ã•ã„
ãã‚‰ã¡ã‚ƒã‚“å¤§å¥½ãã§ã™",,,,
9/5/2020 4:18:55,ç·‹ã¬ã‚“,,Japan,"ä¸‰å‘¨å¹´ãŠã‚ã§ã¨ã†ã”ã–ã„ã¾ã™ï¼
ç›®æ¨™ã®æ¨ªæµœã‚¢ãƒªãƒ¼ãƒŠã«å‘ã‘ã¦æ­¢ã¾ã‚‰ãšé€²ã¿ç¶šã‘ã‚‹å§¿å‹¢ã«æ„Ÿå‹•ã—ã¦å¿œæ´ã—ã¦ã„ã¾ã™ï¼
ã“ã‚Œã‹ã‚‰ã‚‚å¤¢ã«å‘ã‹ã£ã¦é ‘å¼µã£ã¦ãã ã•ã„ï¼å®Ÿç¾ã—ãŸã‚‰æ¨ªæµœã‚¢ãƒªãƒ¼ãƒŠçµ¶å¯¾è¡Œãã¾ã™ï¼",,,,
9/5/2020 4:29:45,ãŸã‚‰ã“ã±ã™ãŸ,@pasuta0114,Japan,"ãã‚‰ã¡ã‚ƒã‚“æ´»å‹•3å‘¨å¹´ãŠã‚ã§ã¨ã†ã”ã–ã„ã¾ã™ï¼
è‰²ã‚“ãªã“ã¨ãŒã‚ã£ãŸ3å¹´ç›®ã‚’ã‚¹ãƒ†ãƒƒãƒ—ã«ã—ã¦ã€ã•ã‚‰ã«å¤§ãããã‚‰ã¸ç¾½ã°ãŸã„ã¦ã„ãã«é•ã„ãªã„ã€‚ãã‚“ãªãã‚‰ã¡ã‚ƒã‚“ã®å§¿ã‚’ã“ã‚Œã‹ã‚‰ã‚‚ãšã£ã¨è¿½ã„ç¶šã‘ã¾ã™ï¼å¿œæ´ã—ã¾ã™ï¼",,,,
9/5/2020 4:41:55,tara,tara_tarasite,Japan,3å¹´é–“ã‚ã‚ŠãŒã¨ã†ï¼ã“ã‚Œã‹ã‚‰ã‚‚ã‚ˆã‚ã—ãã­â™ª,,,,
9/5/2020 5:42:53,Warthog,Warthog455,Malaysia,"Happy 3rd Anniversary Sora-chan! I always love the positive energy you bring and your live was amazing! You have worked really hard, I wish you well as you reach further for your dreams!",,ä¸‰å‘¨å¹´ãŠã‚ã§ã¨ã†ã”ã–ã„ã¾ã™ã€ãã‚‰ã¡ã‚ƒã‚“ï¼ã„ã¤ã‚‚ãƒã‚·ãƒ†ã‚£ãƒ–ã®ãã‚‰ã¡ã‚ƒã‚“ã¯ã ã„ã™ãã ã‚ˆã€‚ãƒ©ãƒ¼ãƒ–ã‚‚ã™ã”ã£ã‹ãŸï¼ã‚ˆãé ‘å¼µã£ãŸã‚ˆã€‚ãã‚‰ã¡ã‚ƒã‚“ã¯å¤¢ã‚’å¶ãˆã¾ã™ã‚ˆã†ã«ï¼,,
9/5/2020 5:53:04,Kingyami,Kingyami101,United-States,"Congratulations on your 3 year anniversary, Sora!!! ğŸ»ğŸ»ğŸ»",,ä¸‰å‘¨å¹´ãŠã‚ã§ã¨ã†ã”ã–ã„ã¾ã™ã€ãã‚‰ï¼ï¼ï¼ ğŸ»ğŸ»ğŸ»,,
9/5/2020 7:35:17,ã¨ã‚ãƒ¼,@tw_0_0_,Japan,"ãã‚‰ã¡ã‚ƒã‚“3å‘¨å¹´ãŠã‚ã§ã¨ã†ã”ã–ã„ã¾ã™ï¼
æ˜ã‚‹ãå…ƒæ°—ã§å„ªã—ã„ãã‚‰ã¡ã‚ƒã‚“ã«ã„ã¤ã‚‚å¿ƒã‚’æ™´ã€…å…ƒæ°—ã«ã—ã¦ã‚‚ã‚‰ã£ã¦ã„ã¾ã™ã€‚
ã„ã¤ã‚‚ã‚ã‚ŠãŒã¨ã†ï¼
ã“ã‚Œã‹ã‚‰ã‚‚æ­¢ã¾ã‚‹ã‚“ã˜ã‚ƒã­ã‡ãâ€¦ï¼
ãã‚‰ã¡ã‚ƒã‚“ã®å¤¢ãŒå¶ã†ã¾ã§ã€ãã—ã¦å¤¢ãŒå¶ã£ã¦ã‹ã‚‰ã‚‚ã€ãã‚‰ã¨ã‚‚ã¯ãã‚‰ã¡ã‚ƒã‚“ã¨ä¸€ç·’ã«æ­©ã¿ç¶šã‘ã‚‹ã‹ã‚‰ã€‚",,,,
9/5/2020 9:19:12,ã‚¢ãƒ‰ãƒ«,qlDqZhGRZF15cuE,Japan,"ãã‚‰ã¡ã‚ƒã‚“ã€3å‘¨å¹´ãŠã‚ã§ã¨ã†ï¼ï¼ï¼
ä¿ºãŒçŸ¥ã£ãŸã®ãŒ2å¹´å‰ã®YouTubeã‹ã‚‰ã ã¨ã—ã¦ã‚‚ã€ã‚ã£ã¨è¨€ã†é–“ã«æœˆæ—¥ãŒæµã‚Œã¦ã‚‹ãªãã£ã¦æ„Ÿã˜ã‚‹ã‚ˆ
ãƒ¯ãƒ³ãƒãƒ³ã®æ™‚ã‚ˆã‚Šå¿™ã—ãã—ã¦ã¦ã€ä½“èª¿å¤§ä¸ˆå¤«ã‹ãªãã£ã¦æ€ã„ãªãŒã‚‰ä»•äº‹ã—ã¦ãŸã‚Šã—ãŸã‘ã©ã€ãƒã‚¤ãƒˆçµ‚ã‚ã‚‰ã›ã¦ã‹ã‚‰ã®Dreamã€ãŸã ãŸã æœ€é«˜ã ã£ãŸï¼
ãã—ã¦ä»Šã‚„ã‚»ã‚«ãƒ³ãƒ‰ã‚¢ãƒ«ãƒãƒ ã‚‚å‡ºã‚‹ã¨ã„ã†ï¼
æœ¬å½“ã«å¤§ãããªã£ãŸãªãã£ã¦æ„Ÿã˜ã¾ã™(*Â´Ï‰ï½€*)
å¤¢ã«å‘ã‹ã£ã¦é ‘å¼µã£ã¦ã­ï¼(Â´ê’³ï½€*)",,,,
9/5/2020 10:20:29,Three,,United-States,"No words can express my feelings. I really appreciate that you've been streaming more recently. (Youtube membership, please.)",,è¨€è‘‰ã§ã¯è¨€ã„è¡¨ã›ãªã„æ°—æŒã¡ã§ã™ã€‚æœ€è¿‘ã¯ç”Ÿæ”¾é€ãŒå¢—ãˆã¦ãã¦æœ¬å½“ã«æ„Ÿè¬ã—ã¦ã„ã¾ã™ã€‚,,
9/5/2020 11:39:26,Xatro,TXatro,United-States,3å‘¨å¹´ãŠã‚ã§ã¨ã†ã”ã–ã„ã¾ã™ï¼ã“ã‚Œã‹ã‚‰ã‚‚å¿œæ´ã—ã¦ã„ãã¾ã™ï¼Congrats on 3 Years Sora!,,,,
9/5/2020 12:32:49,ãƒªãƒƒã‚­ãƒ¼,,United-States,ãã‚‰ã•ã‚“ã€ä¸‰å‘¨å¹´ãŠã‚ã§ã¨ã†ã€‚ãƒ›ãƒ­ãƒ©ã‚¤ãƒ–ã®åˆä»£Vãƒãƒ¥ãƒ¼ãƒãƒ¼ã¨ã—ã¦æœ¬å½“ã«é ‘å¼µã£ãŸã€‚ã“ã‚Œã‹ã‚‰ã‚‚é ‘å¼µã£ã¦ãã ã•ã„ã€‚,,,,
9/5/2020 13:28:37,CoffeeNekochi,CNekochi,Malaysia,æ­å–œSoraå‡ºé“3é€±å¹´ï¼çœ‹è‘—ä½ æ¯å¤©é–‹å¿ƒåŠªåŠ›ä¹Ÿè®“æˆ‘å…ƒæ°£æ»¿æ»¿ (à¹‘â•¹á†ºâ•¹)ã¬ã‚“ã¬ã‚“ï¼ä»Šå¹´ä¹Ÿè«‹å¤šå¤šæŒ‡æ•™(à¹‘â•¹á†ºâ•¹)ã¬ã‚“ã¬ã‚“ï¼ä¸€èµ·åŠªåŠ›åŠ æ²¹ï¼,,ãã‚‰ã¡ã‚ƒã‚“3å‘¨å¹´ãŠã‚ã§ã¨ã†ã”ã–ã„ã¾ã™ã€‚ æ¯æ—¥æ¥½ã—ãã†ã«é ‘å¼µã£ã¦ã„ã‚‹å§¿ã‚’è¦‹ã¦ã„ã‚‹ã¨ã€ç§ã‚‚æ°—åˆ†ãŒä¸ŠãŒã‚Šã¾ã™ ä»Šå¹´ã‚‚ï¼ï¼ (à¹‘â•¹á†ºâ•¹)ã¬ã‚“ã¬ã‚“ï¼ã€‚ ä¸€ç·’ã«é ‘å¼µã‚Šã¾ã—ã‚‡ã† (à¹‘â•¹á†ºâ•¹)ã¬ã‚“ã¬ã‚“ï¼,,
9/5/2020 15:16:17,silver,,,"ãã‚‰ã¡ã‚ƒã‚“ã€3å‘¨å¹´ãŠã‚ã§ã¨ã†ã”ã–ã„ã¾ã™ï¼
ã“ã®3å¹´é–“ã€ãã‚‰ã¡ã‚ƒã‚“ã¯æ§˜ã€…ãªçµŒé¨“ã‚’ã•ã‚Œã¦ãã¾ã—ãŸã€‚ã‚¤ãƒ™ãƒ³ãƒˆæˆ¦å£«ã¨ã—ã¦ã¿ã‚“ãªã®å‰ã«ç«‹ã¡ã€ãƒ©ã‚¤ãƒãƒ¼ã¨ã—ã¦ã¿ã‚“ãªã‚’æ¥½ã—ã¾ã›ãŸã‚Šã€ã‚¢ã‚¤ãƒ‰ãƒ«ã¨ã—ã¦LIVEã‚’ã—ãŸã‚Šã€‚æœ¬å½“ã«æ•°ãˆåˆ‡ã‚Œãªã„ãã‚‰ã„ã®äº‹ã‚’ã—ã¦ããŸã¨æ€ã„ã¾ã™ã€‚
ãã‚Œã¯ãã‚‰ã¡ã‚ƒã‚“è‡ªèº«ã®æ€ã„å‡ºã§ã‚ã‚Šã€ç§é”ãã‚‰ã¨ã‚‚ã®å®ã§ã™ã€‚
ã“ã‚Œã‹ã‚‰ã‚‚ã€ã„ã‚ã‚“ãªæ¥½ã—ã„æ€ã„å‡ºã‚’ä½œã£ã¦ã„ã£ã¦ãã ã•ã„ï¼
ã“ã‚Œã‹ã‚‰ã‚‚ã€ã¨ã¾ã‚‹ã‚“ã˜ã‚ƒã­ã‡ãï¼",,,,
9/5/2020 16:05:09,ã‹ã¼ã¡ã‚ƒ,,,ãã‚‰ã¡ã‚ƒã‚“ã€3å‘¨å¹´ãŠã‚ã§ã¨ã†ï¼å¤¢ã«å‘ã‹ã£ã¦é ‘å¼µã‚‹ãã‚‰ã¡ã‚ƒã‚“ã‚’ã€ã“ã‚Œã‹ã‚‰ã‚‚å¿œæ´ã—ã¦ã„ãã‚ˆã€œï¼,,,,
9/5/2020 16:34:11,å¤œå‹¤ã¦ã„ã¨ã,taaa_soratomo,Japan,"ãã‚‰ã¡ã‚ƒã‚“æ´»å‹•3å‘¨å¹´ãŠã‚ã§ã¨ã†ï¼ãƒ¯ãƒ³ãƒãƒ³ãƒ©ã‚¤ãƒ–ã€NSSã€å†™çœŸé›†ã€ãƒŸãƒ‹ã‚¢ãƒ«ãƒãƒ ã€å››æœˆä¸€æ—¥ã•ã‚“å®¶ã¨ã€æ¥½ã—ã„æ€ã„å‡ºãŒã„ã£ã±ã„ã§ã™ï¼ï¼ã‚ã‚ŠãŒã¨ã†ï¼
4å¹´ç›®ã‚‚ãã‚‰ã¡ã‚ƒã‚“ã«ã¨ã£ã¦æ¥½ã—ãæ´»å‹•ã§ãã‚‹1å¹´ã«ã—ã¦ãã ã•ã„ï¼ã“ã‚Œã‹ã‚‰ã‚‚å¿œæ´ãŒæ­¢ã¾ã‚‰ã­ã‡ãï½ï¼",,,,
9/5/2020 17:23:10,ã‚ªãƒ«ã‚½ãƒ³,,Japan,ã¨ãã®ãã‚‰ã¡ã‚ƒã‚“æ´»å‹•ä¸‰å‘¨å¹´ãŠã‚ã§ã¨ã†ã”ã–ã„ã¾ã™ï¼ã„ã¤ã‚‚å„ªã—ãç©ã‚„ã‹ã§ãã‚‰ã¨ã‚‚ã‚’å¤§äº‹ã«æ€ã£ã¦ãã‚Œã¦ã„ã‚‹ãã‚‰ã¡ã‚ƒã‚“ãŒå¤§å¥½ãã§ã™ï¼æœ¬å½“ã«ãŠã‚ã§ã¨ã†ã”ã–ã„ã¾ã™ï¼,,,,
9/5/2020 17:24:26,miiyanğŸ»ğŸ’¿â˜ƒï¸ãã‚‰ã¨ã‚‚,39dayo_sushi,Japan,ãã‚‰ã¡ã‚ƒã‚“æ´»å‹•3å‘¨å¹´ãŠã‚ã§ã¨ã†ï¼ã“ã‚Œã‹ã‚‰ã‚‚æ­Œã«é…ä¿¡ã€ã‚¤ãƒ™ãƒ³ãƒˆå‡ºæ¼”ç­‰ã€æ§˜ã€…ãªãƒ•ã‚£ãƒ¼ãƒ«ãƒ‰ã§æ´»èºã™ã‚‹ãã‚‰ã¡ã‚ƒã‚“ã‚’å¿œæ´ã—ã¦ã„ã¾ã™ï¼ãã‚‰ã¡ã‚ƒã‚“å¤§å¥½ãï¼,,,,
9/5/2020 17:48:55,ãŠãµã¨ã‚“,on_the_wolves,Japan,ãã‚‰ã¡ã‚ƒã‚“æ´»å‹•3å‘¨å¹´æœ¬å½“ã«ãŠã‚ã§ã¨ã†ï¼ã‚ã®ãƒ‹ã‚³ãƒ‹ã‚³å‹•ç”»ã®èª°ã‚‚ã„ãªã„ç™½ã„èƒŒæ™¯ã§ã²ã¨ã‚Šä¸å®‰ãã†ã ã£ãŸãã‚‰ã¡ã‚ƒã‚“ãŒä»Šã€æ²¢å±±ã®å‹é”ã«å›²ã¾ã‚Œã€ä¸–ç•Œã®ãã‚‰ã¨ã‚‚ã¨ä¸€ç·’ã«å¤¢ã«å‘ã‹ã£ã¦æ­©ãç¶šã‘ã¦ã„ã‚‹ã®ãŒæœ¬å½“ã«ã†ã‚Œã—ã„ã§ã™ã€‚å¤¢ã¯ã¾ã é ã„ã‘ã‚Œã©ã€ã‚†ã£ãã‚Šæ­©ãç¶šã‘ã‚Œã°ãã£ã¨ã€ãã‚‰ã¡ã‚ƒã‚“ãªã‚‰ãŸã©ã‚Šç€ã‘ã‚‹ã¨æ€ã£ã¦ã„ã¾ã™ã€‚ã“ã‚Œã‹ã‚‰ã‚‚ãšã£ã¨ä¸€ç·’ã«æ­©ã„ã¦ã„ã‘ã‚Œã°å¹¸ã›ã§ã™ã€‚,,,,
9/5/2020 18:42:00,Matthew leonard triputra,Matthewlt6,Indonesia,"Hey sora congratulation for your anniversary 
Thank for working hard this past 3 years 
Begins with 13 viewer and now with 400.000 fans also you brought success for your junior. You are a strong girl!",,"ãã‚‰ä¸‰å‘¨å¹´ãŠã‚ã§ã¨ã†ã”ã–ã„ã¾ã™
ã“ã®ä¸‰å¹´é–“ãŠç–²ã‚Œã•ã¾ã§ã™
ï¼‘ï¼“äººã®è¦–è´è€…ã‹ã‚‰ï¼”ï¼ä¸‡äººã®ãƒ•ã‚¡ãƒ³ã¾ã§ã€ã•ã‚‰ã«å¾Œè¼©ã‚‚æˆåŠŸã•ã›ã¦ãã‚‰ã¯å¼·ã„å¥³ã®å­ã ã‚ˆï¼",,
9/5/2020 18:49:05,ã’ã‚“ãªã¾,cache419,Japan,"Congratulations on the 3rd anniversary!!!
ä»Šã‚„ã“ã†ã—ã¦æµ·ã‚’è¶Šãˆã¦åºƒãŒã‚‹ãã‚‰ã¨ã‚‚ã®è¼ª
ã“ã®å…ˆã‚‚ã£ã¨åºƒãã‚‚ã£ã¨é ãã¾ã§ãã®é­…åŠ›ãŒå±Šãã‚ˆã†å¿œæ´ã—ã¦ã„ã¾ã™
Keep going,Sora-chan!",,,,
9/5/2020 18:53:29,ç©ºç™½,lord_empty,Japan,"ãã‚‰ã¡ã‚ƒã‚“ã€3å‘¨å¹´ãŠã‚ã§ã¨ã†ã”ã–ã„ã¾ã™ã€‚

ã»ã¨ã‚“ã©å¼±éŸ³ã‚’è¦‹ã›ãšã«ã€1å¹´1å¹´ã‚†ã£ãã‚Šã¨ã€ã—ã‹ã—æ­¢ã¾ã‚‹ã“ã¨ãªãèµ°ã£ã¦æ¥ã‚‰ã‚ŒãŸã®ã¯ã€ç§ãªã©ã«ã¯æƒ³åƒã‚‚ã¤ã‹ãªã„ç¨‹å¤§å¤‰ãªäº‹ã°ã‹ã‚Šã ã£ãŸã‹ã¨æ€ã„ã¾ã™ã€‚
ãã‚Œã§ã‚‚ã“ã“ã¾ã§æ´»å‹•ã‚’ç¶šã‘ã¦ãã¦ãã‚ŒãŸäº‹ã¯ã€æ„Ÿè¬ã®æ°—æŒã¡ã§ã„ã£ã±ã„ã§ã™ã€‚
æœ¬å½“ã«ã‚ã‚ŠãŒã¨ã†ã”ã–ã„ã¾ã™ã€‚

ã“ã‚Œã‹ã‚‰ã‚‚ã€ã‚¤ãƒãã‚‰ã¨ã‚‚ã¨ã—ã¦ãã‚‰ã¡ã‚ƒã‚“ã®äº‹ã‚’ãšã£ã¨å¿œæ´ã—ã¦ãŠã‚Šã¾ã™ã€‚
æ­¢ã¾ã‚‹ã‚“ã˜ã‚ƒã­ã‡ã...ï¼ï¼",,,,
9/5/2020 18:56:20,Hatabunoku Tawsaka,HimpilanP,Philippines,"Happy Three Years, I'm happy to see Sora San getting this achievement.
Thanks for giving us happiness in these times, and may you continue for longer. (^0^)",,"ä¸‰å¹´ãŠã‚ã§ã¨ã†ã€‚ãã‚‰ã•ã‚“ã¯ã“ã“ã¾ã§æ¥ã‚‹ã¨ç§ã‚‚å¬‰ã—ã„ã‚ˆã€‚
ã“ã®äº‹æƒ…ã§çš†ã‚’åŠ±ã¾ã—ã¦ãã‚Œã¦ã‚ã‚ŠãŒã¨ã†ã€‚æ´»å‹•ã‚’é ‘å¼µã£ã¦ãã ã•ã„ã­ã€‚(^0^)",,
9/5/2020 19:10:25,Kaiser,,United-States,Congratulations of 3 years Sora! I love your dedication and passion and hope to see more of your work in the future.,,ãã‚‰ã¡ã‚ƒã‚“3å¹´ç›®ãŠã‚ã§ã¨ã†ã”ã–ã„ã¾ã™ã€‚ç§ã¯ãã‚‰ã¡ã‚ƒã‚“ã®çŒ®èº«ã¨æƒ…ç†±ãŒå¤§å¥½ãã§ã€ä»Šå¾Œã®æ´»èºã‚’æœŸå¾…ã—ã¦ã„ã¾ã™ã€‚,,
9/5/2020 20:07:09,Moro,Morrow_Rhombus,Japan,ãã‚‰ã¡ã‚ƒã‚“æ´»å‹•3å‘¨å¹´ãŠã‚ã§ã¨ã†ã”ã–ã„ã¾ã™ï¼æ¯æ—¥ãŸãã•ã‚“ã®æ¥½ã—ã„ã‚’åˆ†ã‘ã¦ãã‚Œã¦ã‚ã‚ŠãŒã¨ã†ã€‚4å¹´ç›®ã‚‚ã‚†ã£ãã‚Šç€å®Ÿã«ã€å¤§ããªé¢¨ã‚’å¹ã‹ã›ã¦ã„ãã¾ã—ã‚‡ã†ï¼ãã—ã¦ãã‚‰ã¡ã‚ƒã‚“ã®æ­Œã¨æ´»å‹•ãŒã€ã‚‚ã£ã¨ã¿ã‚“ãªã«ã€ä¸–ç•Œã«å±Šãã¾ã™ã‚ˆã†ã«ï¼,,,,
9/5/2020 21:34:15,Ly,@IAmBllyCrz,Philippines,"Sora-chan, Happy 3rd year anniversary! ğŸ‰
Its really fun to see Sora-chan enjoying the things that she do.
Keep safe and stay healthy.
Goodluck and looking forward for to the years to come. ",,"ãã‚‰ã¡ã‚ƒã‚“ã€ä¸‰å‘¨å¹´ãŠã‚ã§ã¨ã†ã”ã–ã„ã¾ã™ï¼ğŸ‰
ãã‚‰ã¡ã‚ƒã‚“ã®æ¥½ã—ã„ã¨ã“ã‚ã‚’è¦‹ã‚‹ã¨ã“ã£ã¡ã‚‚ã™ã”ãæ¥½ã—ã„ã¾ã™ã‚ˆï¼
ãŠå¥åº·ã¨ã”å®‰å…¨ã‚’ã€‚
ã“ã‚Œã‹ã‚‰ã‚‚ã‚ˆã‚ã—ããŠã­ãŒã„ã—ã¾ã™ã€‚",,
9/5/2020 21:44:48,ãƒ†ã‚£ãƒ©ãƒŸã‚¹,,Japan,"ä¸‰å‘¨å¹´ãŠã‚ã§ã¨ã†ã”ã–ã„ã¾ã™ï¼
å¤šãã®äº‹ã«æŒ‘æˆ¦ã™ã‚‹ãã‚‰ã¡ã‚ƒã‚“ãŒé ‘å¼µã£ã¦ã„ã‚‹ã®ã§è‡ªåˆ†ã‚‚ä¸€ç·’æ‡¸å‘½ã«é ‘å¼µã‚‹äº‹ãŒå‡ºæ¥ã¾ã™ï¼
ã“ã‚Œã‹ã‚‰ã‚‚ãšã£ã¨å¿œæ´ã—ã¦ã„ã¾ã™ï¼
æ”¹ã‚ã¦ä¸‰å‘¨å¹´ãŠã‚ã§ã¨ã†ï¼",,,,
9/5/2020 23:38:22,allein,@allein74731478,Japan,"ãã‚‰ã¡ã‚ƒã‚“3å‘¨å¹´ãŠã‚ã§ã¨ã†ï¼
ã“ã®3å¹´é–“ã€è¾›ã„ã“ã¨ã‚‚å¤§å¤‰ãªã“ã¨ã‚‚æ²¢å±±ã‚ã£ãŸã¨æ€ã†ã‘ã©ã€å¬‰ã—ã„ã“ã¨ã‚„æ¥½ã—ã„ã“ã¨ã‚‚æ²¢å±±ã‚ã£ã¦ã€ãã‚Œã‚’ä½•æ™‚ã‚‚ãã‚‰ã¨ã‚‚ã¨åˆ†ã‹ã¡åˆã„ãªãŒã‚‰é€²ã‚“ã§ãã‚Œã‚‹ãã‚‰ã¡ã‚ƒã‚“ãŒå¤§å¥½ãã§ã™ã€‚
ã“ã‚Œã‹ã‚‰ã‚‚å¤¢ã«å‘ã‹ã£ã¦æ­©ã¿ç¶šã‘ã‚‹ãã‚‰ã¡ã‚ƒã‚“ã®ã“ã¨ã‚’ãšã£ã¨å¿œæ´ã—ã¦ã„ã¾ã™ã€‚
4å¹´ç›®ã‚‚æ­¢ã¾ã‚‹ã‚“ã˜ã‚ƒã­ã‡ãâ€¦ï¼(à¹‘â•¹á†ºâ•¹)",,,,
9/5/2020 23:44:02,ãã‚,kettu96,Japan,æ´»å‹•3å‘¨å¹´ãŠã‚ã§ã¨ã†ï¼ãã‚‰ã¡ã‚ƒã‚“ã®æ­Œã‚„ã‚¹ãƒ†ãƒ¼ã‚¸ã§ã®å§¿ã«å…ƒæ°—ã¨ã‹å‹‡æ°—ã¨ã‹ã„ã‚ã‚“ãªã‚‚ã®è²°ã£ã¦ã¾ã™ã€‚ã¿ã‚“ãªã‚’æ¥½ã—ã¾ã›ã‚ˆã†ã¨ã„ã‚ã‚“ãªå½¢ã§é ‘å¼µã£ã¦ãã‚Œã¦ã‚ã‚ŠãŒã¨ã†ï¼4å¹´ç›®ã‚‚ã¿ã‚“ãªã¨ä¸€ç·’ã«å‰ã‚’å‘ã„ã¦é€²ã‚“ã§ã„ã“ã†ã­ï¼æ­¢ã¾ã‚‹ã‚“ã˜ã‚ƒã­ã‡ãï¼,,,,
9/5/2020 23:49:30,å°è‰¾/ã‚ã„,Eiran9023,Taiwan,"ãã‚‰ã¡ã‚ƒã‚“æ´»å‹•3å‘¨å¹´ãŠã‚ã§ã¨ã†ï¼(à¹‘â•¹á†ºâ•¹)ï¾’ï¾ƒï¾ï¾€ï½²ï¾ˆ
ã„ã¤ã‚‚æ¥½ã—ã„æ™‚é–“ã‚’ã‚ã‚ŠãŒã¨ã†ã€ã“ã‚Œã‹ã‚‰ã‚‚ãšã£ã¨å¿œæ´ã—ã¦è¡Œãã¾ã™ã‚ˆï¼
4å¹´ç›®ã‚‚ãã‚‰ã¡ã‚ƒã‚“ã®æ­©å¹…ã§å¤¢ã«å‘ã‹ãŠã†ï¼(à¹‘â€¢Ì€ã…‚â€¢Ì)Ùˆâœ§",,,,
9/5/2020 23:53:09,Phillip Ho,PhillipHo_39,United-States,"Dear Sora,

Congratulations on your anniversary! Your music, covers, and streams have put smiles on our faces since you debuted three years ago.

I look forward to supporting you in Year Four!",,"ãã‚‰ã€

ãŠã‚ã§ã¨ã†ã”ã–ã„ã¾ã™ï¼ãã‚‰ã®ãƒ‡ãƒ“ãƒ¥ãƒ¼ã‹ã‚‰ã“ã®ä¸‰å¹´é–“ãã‚‰ã®æ›²ã€ã‚«ãƒãƒ¼ã€ã¨é…ä¿¡ã¯çš†ã«ç¬‘é¡”æ§ã’ã¾ã—ãŸã€‚

ä»Šå¹´ã‚‚å¿œæ´ã—ã¾ã™ã‚ˆï¼",,
9/6/2020 0:20:44,sayaka,therisingtsun,Canada,"Sora-chan, congratulations! You are my favourite Vtuber! You make me happy and I have been following you for years and will continue to follow you forever more! (à¹‘â•¹á†ºâ•¹) ",,ãã‚‰ã¡ã‚ƒã‚“ãŠã‚ã§ã¨ã†ï¼ãã‚‰ã¡ã‚ƒã‚“ã¯ç§ã®ä¸€ç•ªå¥½ããªãƒ–ã‚£ãƒãƒ¥ãƒ¼ãƒãƒ¼ã ã‚ˆï¼ãã‚‰ã¡ã‚ƒã‚“ã¯ç§ã«å¹¸ã›ã—ã¦ãã‚ŒãŸã€‚ã‚‚ã†ä½•å¹´ã‚‚ãƒ•ã‚©ãƒ­ãƒ¼ã—ã¦ã¦ã€ã“ã‚Œã‹ã‚‰ã‚‚æ°¸é ã«ãƒ•ã‚©ãƒ­ãƒ¼ç¶šã‘ã‚‹ã‚ˆï¼(à¹‘â•¹á†ºâ•¹) ,,
9/6/2020 0:24:59,Candy,Dullahan8,Canada,ãã‚‰ã¡ã‚ƒã‚“ã€ä¸‰å‘¨å¹´ãŠã‚ã§ã¨ã†ï¼ã¾ã æœ€è¿‘ãã‚‰ã¡ã‚ƒã‚“ã®é…ä¿¡è¦‹ã¦åˆã‚ã¦ãªã‚“ã ã‘ã©ã€ã‚ã£ã¡ã‚ƒãã£ã¡ã‚ƒæ¥½ã—ã„ã‚ˆã€‚ã“ã‚Œã‹ã‚‰ã‚‚ãã‚‰ã¡ã‚ƒã‚“ã®é…ä¿¡ã‚’è¦‹ç¶šã‘ã‚‹ã‚ˆã€‚ã©ã†ã‹ã€æ¨ªæµœã‚¢ãƒªãƒ¼ãƒŠã®å¤¢ã‚’å¶ãˆã¾ã™ã‚ˆã†ã«ã€‚,,,,
,Sacredsun ,@Sacredsuntv ,United-Kingdom,"ãã‚‰ã¡ã‚ƒã‚“ã€3å‘¨å¹´ãŠã‚ã§ã¨ã†ï¼2å¹´å‰ã‹ã‚‰ãƒ•ã‚©ãƒ­ãƒ¼ã—ã¦ã„ã¾ã™ï¼ã‚ã‚Œã‹ã‚‰ã“ã‚Œã ã‘ã®æ™‚é–“ãŒçµŒéã—ã¦ã„ã‚‹ã¨ã¯æ€ãˆãªã„ã€‚ä»Šå¹´ã ã‘ã§ã‚‚å¤šãã®ç›®æ¨™ã‚„å¤¢ãŒé”æˆã•ã‚Œã¦ã„ã‚‹ã®ã§ã™ã­ã€‚æœ¬å½“å¬‰ã—ã„ã§ã™ï¼

ã¨ã«ã‹ãã€ã¾ãŸã‚ˆã‚‹ã—ããŠé¡˜ã„ã„ãŸã—ã¾ã™ï¼

ãã‚‰ã¡ã‚ƒã‚“é ‘å¼µã£ã¦ãã ã•ã„ï¼ã„ã¤ã‚‚å¿œæ´ã—ã¦ã¾ã™ï¼ãã‚‰ã¡ã‚ƒã‚“ãƒ•ã‚¡ã‚¤ãƒˆï¼",,,,